idx,Symbol,Company,Section,PF
0001,1301,（株）極洋,プライム,
0002,1332,（株）ニッスイ,プライム,
0003,1333,Ｕｍｉｏｓ（株）,プライム,
0004,135A,（株）ＶＲＡＩＮ　Ｓｏｌｕｔｉｏｎ,グロース,
0005,1377,（株）サカタのタネ,プライム,
0006,1379,ホクト（株）,プライム,
0007,1407,（株）ウエストホールディングス,スタンダード,
0008,1414,ショーボンドホールディングス（株）,プライム,
0009,1417,（株）ミライト・ワン,プライム,
0010,1418,インターライフホールディングス（株）,スタンダード,
0011,1419,タマホーム（株）,プライム,
0012,141A,（株）トライアルホールディングス,グロース,
0013,1420,サンヨーホームズ（株）,スタンダード,
0014,1429,（株）日本アクア,プライム,
0015,1430,ファーストコーポレーション（株）,スタンダード,
0016,1431,（株）Ｌｉｂ　Ｗｏｒｋ,グロース,
0017,1433,ベステラ（株）,プライム,
0018,1434,ＪＥＳＣＯホールディングス（株）,スタンダード,
0019,1446,（株）キャンディル,スタンダード,
0020,147A,（株）ソラコム,グロース,
0021,1514,住石ホールディングス（株）,スタンダード,
0022,1515,日鉄鉱業（株）,プライム,
0023,1518,三井松島ホールディングス（株）,プライム,
0024,153A,（株）カウリス,グロース,
0025,155A,（株）情報戦略テクノロジー,グロース,
0026,156A,マテリアルグループ（株）,グロース,
0027,1605,（株）ＩＮＰＥＸ,プライム,
0028,1662,石油資源開発（株）,プライム,
0029,1663,Ｋ＆Ｏエナジーグループ（株）,プライム,
0030,166A,（株）タスキホールディングス,グロース,
0031,167A,リョーサン菱洋ホールディングス（株）,プライム,
0032,1716,第一カッター興業（株）,スタンダード,
0033,1719,（株）安藤・間,プライム,y
0034,1720,東急建設（株）,プライム,
0035,1721,コムシスホールディングス（株）,プライム,
0036,1762,（株）高松コンストラクショングループ,プライム,
0037,1766,東建コーポレーション（株）,プライム,
0038,1768,（株）ソネック,スタンダード,
0039,1780,（株）ヤマウラ,プライム,
0040,1786,オリエンタル白石（株）,プライム,
0041,1799,第一建設工業（株）,スタンダード,
0042,1801,大成建設（株）,プライム,
0043,1802,（株）大林組,プライム,
0044,1803,清水建設（株）,プライム,
0045,1808,（株）長谷工コーポレーション,プライム,
0046,1810,松井建設（株）,スタンダード,
0047,1811,（株）錢高組,スタンダード,
0048,1812,鹿島建設（株）,プライム,
0049,1813,（株）不動テトラ,プライム,
0050,1814,大末建設（株）,プライム,
0051,1815,鉄建建設（株）,プライム,
0052,1820,西松建設（株）,プライム,y
0053,1822,大豊建設（株）,スタンダード,
0054,1826,佐田建設（株）,スタンダード,
0055,1827,（株）ナカノフドー建設,スタンダード,
0056,1833,（株）奥村組,プライム,
0057,1835,東鉄工業（株）,プライム,
0058,1840,（株）土屋ホールディングス,スタンダード,
0059,1848,（株）富士ピー・エス,スタンダード,
0060,1852,（株）淺沼組,プライム,
0061,1860,戸田建設（株）,プライム,
0062,1861,（株）熊谷組,プライム,
0063,1866,北野建設（株）,スタンダード,
0064,1867,（株）植木組,スタンダード,
0065,186A,（株）アストロスケールホールディングス,グロース,
0066,1870,矢作建設工業（株）,プライム,
0067,1871,ピーエス・コンストラクション（株）,プライム,
0068,1878,大東建託（株）,プライム,
0069,1879,新日本建設（株）,プライム,
0070,1882,東亜道路工業（株）,プライム,
0071,1885,東亜建設工業（株）,プライム,
0072,1887,日本国土開発（株）,プライム,
0073,1888,若築建設（株）,プライム,
0074,1893,五洋建設（株）,プライム,
0075,1898,世紀東急工業（株）,プライム,
0076,1899,（株）福田組,プライム,
0077,1904,大成温調（株）,スタンダード,
0078,1909,日本ドライケミカル（株）,スタンダード,
0079,1911,住友林業（株）,プライム,
0080,1914,日本基礎技術（株）,スタンダード,
0081,1921,（株）巴コーポレーション,スタンダード,
0082,1925,大和ハウス工業（株）,プライム,
0083,1926,ライト工業（株）,プライム,
0084,1928,積水ハウス（株）,プライム,
0085,1929,日特建設（株）,プライム,
0086,1930,北陸電気工事（株）,プライム,
0087,1934,（株）ユアテック,プライム,
0088,1939,（株）四電工,プライム,
0089,1941,（株）中電工,プライム,
0090,1942,（株）関電工,プライム,
0091,1944,（株）きんでん,プライム,
0092,1945,（株）東京エネシス,プライム,
0093,1946,（株）トーエネック,プライム,
0094,1950,日本電設工業（株）,プライム,
0095,1951,エクシオグループ（株）,プライム,
0096,1952,新日本空調（株）,プライム,
0097,1959,（株）クラフティア,プライム,
0098,1961,三機工業（株）,プライム,
0099,1963,日揮ホールディングス（株）,プライム,
0100,1964,中外炉工業（株）,プライム,
0101,1965,（株）テクノ菱和,スタンダード,
0102,1966,（株）高田工業所,スタンダード,
0103,1967,（株）ヤマト,スタンダード,
0104,1968,太平電業（株）,プライム,
0105,1969,高砂熱学工業（株）,プライム,
0106,1972,三晃金属工業（株）,スタンダード,
0107,1975,（株）朝日工業社,プライム,
0108,1976,明星工業（株）,プライム,
0109,1979,（株）大氣社,プライム,
0110,197A,（株）タウンズ,スタンダード,
0111,1980,ダイダン（株）,プライム,
0112,1982,日比谷総合設備（株）,プライム,
0113,2001,（株）ニップン,プライム,
0114,2002,（株）日清製粉グループ本社,プライム,
0115,2003,日東富士製粉（株）,スタンダード,
0116,2004,昭和産業（株）,プライム,
0117,2053,中部飼料（株）,プライム,
0118,2055,日和産業（株）,スタンダード,
0119,2060,フィード・ワン（株）,プライム,
0120,2108,日本甜菜製糖（株）,プライム,
0121,2109,ＤＭ三井製糖（株）,プライム,
0122,2112,塩水港精糖（株）,スタンダード,
0123,2114,フジ日本（株）,スタンダード,
0124,2117,ウェルネオシュガー（株）,プライム,
0125,2120,（株）ＬＩＦＵＬＬ,プライム,
0126,2121,（株）ＭＩＸＩ,プライム,
0127,2124,（株）ジェイエイシーリクルートメント,プライム,
0128,2127,（株）日本Ｍ＆Ａセンターホールディングス,プライム,
0129,2130,（株）メンバーズ,プライム,
0130,2138,クルーズ（株）,スタンダード,
0131,2139,（株）中広,スタンダード,
0132,2146,ＵＴグループ（株）,プライム,
0133,2154,（株）オープンアップグループ,プライム,
0134,2157,（株）コシダカホールディングス,プライム,
0135,215A,（株）タイミー,グロース,
0136,2160,（株）ジーエヌアイグループ,グロース,
0137,2162,ｎｍｓ　ホールディングス（株）,スタンダード,
0138,2168,（株）パソナグループ,プライム,
0139,2169,ＣＤＳ（株）,スタンダード,
0140,2170,（株）リンクアンドモチベーション,プライム,
0141,2173,（株）博展,グロース,
0142,2175,（株）エス・エム・エス,プライム,
0143,2179,（株）成学社,スタンダード,
0144,2181,パーソルホールディングス（株）,プライム,
0145,2193,クックパッド（株）,スタンダード,
0146,2198,アイ・ケイ・ケイホールディングス（株）,プライム,
0147,219A,Ｈｅａｒｔｓｅｅｄ（株）,グロース,
0148,2201,森永製菓（株）,プライム,
0149,2204,（株）中村屋,スタンダード,
0150,2206,江崎グリコ（株）,プライム,
0151,2207,（株）ｍｅｉｔｏ,プライム,
0152,2211,（株）不二家,プライム,
0153,2212,山崎製パン（株）,プライム,
0154,2215,第一屋製パン（株）,スタンダード,
0155,2216,カンロ（株）,スタンダード,
0156,2217,モロゾフ（株）,プライム,
0157,2220,亀田製菓（株）,プライム,
0158,2222,寿スピリッツ（株）,プライム,
0159,2226,（株）湖池屋,スタンダード,
0160,2229,カルビー（株）,プライム,
0161,2264,森永乳業（株）,プライム,
0162,2266,六甲バター（株）,プライム,
0163,2267,（株）ヤクルト本社,プライム,
0164,2269,明治ホールディングス（株）,プライム,
0165,2270,雪印メグミルク（株）,プライム,
0166,2281,プリマハム（株）,プライム,
0167,2282,日本ハム（株）,プライム,
0168,2286,林兼産業（株）,スタンダード,
0169,2288,丸大食品（株）,プライム,
0170,2291,福留ハム（株）,スタンダード,
0171,2292,Ｓ　Ｆｏｏｄｓ（株）,プライム,
0172,2294,（株）柿安本店,プライム,
0173,2296,伊藤ハム米久ホールディングス（株）,プライム,
0174,2301,（株）学情,プライム,
0175,2304,（株）ＣＳＳホールディングス,スタンダード,
0176,2305,（株）スタジオアリス,スタンダード,
0177,2315,（株）ＣＡＩＣＡ　ＤＩＧＩＴＡＬ,スタンダード,
0178,2317,（株）システナ,プライム,
0179,2325,（株）ＮＪＳ,プライム,
0180,2326,デジタルアーツ（株）,プライム,
0181,2327,日鉄ソリューションズ（株）,プライム,
0182,2331,ＡＬＳＯＫ（株）,プライム,
0183,2332,（株）クエスト,スタンダード,
0184,2335,（株）キューブシステム,プライム,
0185,2337,いちご（株）,プライム,
0186,2353,日本駐車場開発（株）,プライム,
0187,2359,（株）コア,プライム,
0188,2371,（株）カカクコム,プライム,
0189,2378,（株）ルネサンス,プライム,
0190,2379,ディップ（株）,プライム,
0191,2384,ＳＢＳホールディングス（株）,プライム,
0192,2395,（株）新日本科学,プライム,
0193,2404,（株）鉄人化ホールディングス,スタンダード,
0194,2410,（株）キャリアデザインセンター,プライム,
0195,2411,ゲンダイエージェンシー（株）,スタンダード,
0196,2413,エムスリー（株）,プライム,
0197,2418,（株）ツカダ・グローバルホールディング,スタンダード,
0198,241A,（株）ＲＯＸＸ,グロース,
0199,2428,ウェルネット（株）,スタンダード,
0200,2429,（株）ワールドホールディングス,プライム,
0201,2432,（株）ディー・エヌ・エー,プライム,
0202,2433,（株）博報堂ＤＹホールディングス,プライム,
0203,2435,（株）シダー,スタンダード,
0204,2438,（株）アスカネット,グロース,
0205,2440,（株）ぐるなび,スタンダード,
0206,2445,（株）タカミヤ,スタンダード,
0207,2461,（株）ファンコミュニケーションズ,プライム,
0208,2462,ライク（株）,プライム,
0209,2464,（株）Ａｏｂａ‐ＢＢＴ,スタンダード,
0210,2471,（株）エスプール,プライム,
0211,2475,ＷＤＢホールディングス（株）,プライム,
0212,2477,手間いらず（株）,スタンダード,
0213,2484,（株）出前館,スタンダード,
0214,2485,（株）ティア,スタンダード,
0215,2489,（株）アドウェイズ,スタンダード,
0216,2491,バリューコマース（株）,プライム,
0217,2492,（株）インフォマート,プライム,
0218,2497,ユナイテッド（株）,グロース,
0219,2501,サッポロホールディングス（株）,プライム,
0220,2502,アサヒグループホールディングス（株）,プライム,
0221,2503,キリンホールディングス（株）,プライム,
0222,2531,宝ホールディングス（株）,プライム,
0223,2533,オエノンホールディングス（株）,プライム,
0224,253A,（株）ＥＴＳグループ,スタンダード,
0225,2540,養命酒製造（株）,プライム,
0226,255A,ジーエルテクノホールディングス（株）,スタンダード,
0227,256A,飛島ホールディングス（株）,プライム,
0228,2579,コカ・コーラ　ボトラーズジャパンホールディングス（株）,プライム,
0229,2585,（株）ライフドリンク　カンパニー,プライム,
0230,2587,サントリービバレッジ＆フード（株）,プライム,
0231,2590,ダイドーグループホールディングス（株）,プライム,
0232,2593,（株）伊藤園,プライム,
0233,25935,（株）伊藤園第１種優先株式,プライム,
0234,2594,キーコーヒー（株）,プライム,
0235,2602,日清オイリオグループ（株）,プライム,
0236,2607,不二製油（株）,プライム,
0237,2613,（株）Ｊ－オイルミルズ,プライム,
0238,2652,（株）まんだらけ,スタンダード,
0239,2654,（株）アスモ,スタンダード,
0240,2659,（株）サンエー,プライム,
0241,2664,（株）カワチ薬品,プライム,
0242,2667,（株）イメージ　ワン,スタンダード,
0243,2669,カネ美食品（株）,スタンダード,
0244,2670,（株）エービーシー・マート,プライム,
0245,2674,（株）ハードオフコーポレーション,プライム,
0246,2676,高千穂交易（株）,プライム,
0247,2678,アスクル（株）,プライム,
0248,2681,（株）ゲオホールディングス,プライム,
0249,2685,（株）アンドエスティＨＤ,プライム,
0250,2687,（株）シー・ヴイ・エス・ベイエリア,スタンダード,
0251,2689,オルバヘルスケアホールディングス（株）,スタンダード,
0252,2694,（株）焼肉坂井ホールディングス,スタンダード,
0253,2695,くら寿司（株）,プライム,
0254,2698,（株）キャンドゥ,スタンダード,
0255,2702,日本マクドナルドホールディングス（株）,スタンダード,
0256,2705,（株）大戸屋ホールディングス,スタンダード,
0257,2722,（株）ＩＫホールディングス,スタンダード,
0258,2726,（株）パルグループホールディングス,プライム,
0259,2730,（株）エディオン,プライム,
0260,2733,（株）あらた,プライム,
0261,2734,（株）サーラコーポレーション,プライム,
0262,2735,（株）ワッツ,スタンダード,
0263,2742,（株）ハローズ,プライム,
0264,2749,（株）ＪＰホールディングス,プライム,
0265,2750,石光商事（株）,スタンダード,
0266,2751,（株）テンポスホールディングス,スタンダード,
0267,2752,（株）フジオフードグループ本社,プライム,
0268,2760,東京エレクトロン　デバイス（株）,プライム,
0269,2763,（株）エフティグループ,スタンダード,
0270,2768,双日（株）,プライム,
0271,2778,パレモ・ホールディングス（株）,スタンダード,
0272,2782,（株）セリア,スタンダード,
0273,2784,アルフレッサ　ホールディングス（株）,プライム,
0274,2791,大黒天物産（株）,プライム,
0275,2792,（株）ハニーズホールディングス,プライム,
0276,2796,ファーマライズホールディングス（株）,スタンダード,
0277,2801,キッコーマン（株）,プライム,
0278,2802,味の素（株）,プライム,
0279,2804,ブルドックソース（株）,プライム,
0280,2809,キユーピー（株）,プライム,
0281,2810,ハウス食品グループ本社（株）,プライム,
0282,2811,カゴメ（株）,プライム,
0283,2815,アリアケジャパン（株）,プライム,
0284,2816,（株）ダイショー,スタンダード,
0285,2818,（株）ピエトロ,スタンダード,
0286,2819,エバラ食品工業（株）,スタンダード,
0287,285A,キオクシアホールディングス（株）,プライム,
0288,286A,（株）ユカリア,グロース,
0289,2871,（株）ニチレイ,プライム,
0290,2874,横浜冷凍（株）,プライム,
0291,2875,東洋水産（株）,プライム,
0292,2882,（株）イートアンドホールディングス,プライム,
0293,2884,（株）ヨシムラ・フード・ホールディングス,プライム,
0294,2897,日清食品ホールディングス（株）,プライム,
0295,2903,シノブフーズ（株）,スタンダード,
0296,2904,一正蒲鉾（株）,スタンダード,
0297,2907,（株）あじかん,スタンダード,
0298,2908,フジッコ（株）,プライム,
0299,2910,（株）ロック・フィールド,プライム,
0300,2914,日本たばこ産業（株）,プライム,
0301,2915,ケンコーマヨネーズ（株）,プライム,
0302,2918,わらべや日洋ホールディングス（株）,プライム,
0303,2922,（株）なとり,プライム,
0304,2924,イフジ産業（株）,スタンダード,
0305,2926,（株）篠崎屋,スタンダード,
0306,2929,（株）ファーマフーズ,プライム,
0307,2930,（株）北の達人コーポレーション,プライム,
0308,2931,（株）ユーグレナ,プライム,
0309,2933,（株）紀文食品,プライム,
0310,2936,ベースフード（株）,グロース,
0311,2937,（株）サンクゼール,グロース,
0312,2938,（株）オカムラ食品工業,スタンダード,
0313,296A,令和アカウンティング・ホールディングス（株）,グロース,
0314,2975,スター・マイカ・ホールディングス（株）,プライム,
0315,2980,ＳＲＥホールディングス（株）,プライム,
0316,2982,（株）ＡＤワークスグループ,プライム,
0317,2984,ヤマイチエステート（株）,スタンダード,
0318,2986,（株）ＬＡホールディングス,グロース,
0319,299A,クラシル（株）,グロース,
0320,3001,片倉工業（株）,スタンダード,
0321,3002,グンゼ（株）,プライム,
0322,3003,ヒューリック（株）,プライム,
0323,3004,神栄（株）,スタンダード,
0324,3023,ラサ商事（株）,スタンダード,
0325,3028,（株）アルペン,プライム,
0326,3031,（株）ラクーンホールディングス,プライム,
0327,3034,クオールホールディングス（株）,プライム,
0328,3035,ケイティケイ（株）,スタンダード,
0329,3036,アルコニックス（株）,プライム,
0330,3038,（株）神戸物産,プライム,
0331,3041,（株）ビューティカダンホールディングス,スタンダード,
0332,3042,（株）セキュアヴェイル,スタンダード,
0333,3046,（株）ジンズホールディングス,プライム,
0334,3048,（株）ビックカメラ,プライム,
0335,3050,ＤＣＭホールディングス（株）,プライム,
0336,3053,（株）ペッパーフードサービス,スタンダード,
0337,3058,（株）三洋堂ホールディングス,スタンダード,
0338,3059,ヒラキ（株）,スタンダード,
0339,3063,（株）ジェイグループホールディングス,グロース,
0340,3064,（株）ＭｏｎｏｔａＲＯ,プライム,
0341,3067,（株）東京一番フーズ,スタンダード,
0342,3069,（株）ＪＦＬＡホールディングス,スタンダード,
0343,3076,あい　ホールディングス（株）,プライム,
0344,3077,ホリイフードサービス（株）,スタンダード,
0345,3079,ディーブイエックス（株）,スタンダード,
0346,3082,（株）きちりホールディングス,スタンダード,
0347,3086,Ｊ．フロント　リテイリング（株）,プライム,
0348,3087,（株）ドトール・日レスホールディングス,プライム,
0349,3088,（株）マツキヨココカラ＆カンパニー,プライム,
0350,3089,テクノアルファ（株）,スタンダード,
0351,3092,（株）ＺＯＺＯ,プライム,
0352,3093,（株）トレジャー・ファクトリー,プライム,
0353,3097,（株）物語コーポレーション,プライム,
0354,3099,（株）三越伊勢丹ホールディングス,プライム,
0355,3101,東洋紡（株）,プライム,
0356,3103,ユニチカ（株）,スタンダード,
0357,3104,富士紡ホールディングス（株）,プライム,
0358,3105,日清紡ホールディングス（株）,プライム,
0359,3106,倉敷紡績（株）,プライム,
0360,3107,ダイワボウホールディングス（株）,プライム,
0361,3109,シキボウ（株）,プライム,
0362,3110,日東紡績（株）,プライム,
0363,3116,トヨタ紡織（株）,プライム,
0364,3121,マーチャント・バンカーズ（株）,スタンダード,
0365,3132,マクニカホールディングス（株）,プライム,
0366,3134,Ｈａｍｅｅ（株）,スタンダード,
0367,3135,（株）マーケットエンタープライズ,スタンダード,
0368,3137,（株）ファンデリー,スタンダード,
0369,3139,（株）ラクト・ジャパン,プライム,
0370,3140,ＢＲＵＮＯ（株）,グロース,
0371,3148,（株）クリエイトＳＤホールディングス,プライム,
0372,3150,（株）グリムス,プライム,
0373,3151,（株）バイタルケーエスケー・ホールディングス,プライム,
0374,3154,メディアスホールディングス（株）,プライム,
0375,3156,（株）レスター,プライム,
0376,3159,丸善ＣＨＩホールディングス（株）,スタンダード,
0377,3160,（株）大光,スタンダード,
0378,3166,ＯＣＨＩホールディングス（株）,スタンダード,
0379,3167,（株）ＴＯＫＡＩホールディングス,プライム,
0380,3168,（株）ＭＥＲＦ,スタンダード,
0381,3172,ティーライフ（株）,スタンダード,
0382,3176,三洋貿易（株）,プライム,
0383,3178,チムニー（株）,スタンダード,
0384,3179,シュッピン（株）,プライム,
0385,3180,（株）ビューティガレージ,プライム,
0386,3182,オイシックス・ラ・大地（株）,プライム,
0387,3183,ウイン・パートナーズ（株）,プライム,
0388,3186,（株）ネクステージ,プライム,
0389,3187,（株）ミラタップ,グロース,
0390,3191,（株）ジョイフル本田,プライム,
0391,3193,（株）エターナルホスピタリティグループ,プライム,
0392,3195,（株）ジェネレーションパス,スタンダード,
0393,3196,（株）ホットランドホールディングス,プライム,
0394,3197,（株）すかいらーくホールディングス,プライム,
0395,3199,綿半ホールディングス（株）,プライム,
0396,3201,日本毛織（株）,プライム,
0397,3204,（株）トーア紡コーポレーション,スタンダード,
0398,3205,（株）ダイドーリミテッド,スタンダード,
0399,3221,（株）ヨシックスホールディングス,プライム,
0400,3222,ユナイテッド・スーパーマーケット・ホールディングス（株）,スタンダード,
0401,3231,野村不動産ホールディングス（株）,プライム,
0402,3232,三重交通グループホールディングス（株）,プライム,
0403,3241,（株）ウィル,スタンダード,
0404,3242,（株）アーバネットコーポレーション,スタンダード,
0405,3245,（株）ディア・ライフ,プライム,
0406,3252,地主（株）,プライム,
0407,325A,（株）ＴＥＮＴＩＡＬ,グロース,
0408,3271,（株）ＴＨＥグローバル社,スタンダード,
0409,3276,（株）ＪＰＭＣ,プライム,
0410,3277,（株）サンセイランディック,スタンダード,
0411,3280,（株）エストラスト,スタンダード,
0412,3284,（株）フージャースホールディングス,プライム,
0413,3288,（株）オープンハウスグループ,プライム,
0414,3289,東急不動産ホールディングス（株）,プライム,
0415,3291,飯田グループホールディングス（株）,プライム,
0416,3299,（株）ムゲンエステート,スタンダード,
0417,3302,帝国繊維（株）,プライム,
0418,3315,日本コークス工業（株）,プライム,
0419,3320,クロスプラス（株）,スタンダード,
0420,3321,ミタチ産業（株）,スタンダード,
0421,3329,東和フードサービス（株）,スタンダード,
0422,332A,ミーク（株）,グロース,
0423,3333,（株）あさひ,プライム,
0424,3349,（株）コスモス薬品,プライム,
0425,3359,（株）ｃｏｔｔａ,グロース,
0426,3360,シップヘルスケアホールディングス（株）,プライム,
0427,3371,（株）ソフトクリエイトホールディングス,プライム,
0428,3372,（株）関門海,スタンダード,
0429,3374,内外テック（株）,スタンダード,
0430,3377,（株）バイク王＆カンパニー,スタンダード,
0431,3382,（株）セブン＆アイ・ホールディングス,プライム,
0432,3386,コスモ・バイオ（株）,スタンダード,
0433,3387,（株）クリエイト・レストランツ・ホールディングス,プライム,
0434,3388,明治電機工業（株）,プライム,
0435,3391,（株）ツルハホールディングス,プライム,
0436,3393,スターティアホールディングス（株）,プライム,
0437,3395,（株）サンマルクホールディングス,プライム,
0438,3397,（株）トリドールホールディングス,プライム,
0439,3399,（株）丸千代山岡家,スタンダード,
0440,3401,帝人（株）,プライム,
0441,3402,東レ（株）,プライム,
0442,3405,（株）クラレ,プライム,
0443,3407,旭化成（株）,プライム,
0444,3415,（株）ＴＯＫＹＯ　ＢＡＳＥ,プライム,
0445,3422,（株）Ｊ－ＭＡＸ,スタンダード,
0446,3423,（株）エスイー,スタンダード,
0447,3431,宮地エンジニアリンググループ（株）,プライム,
0448,3433,トーカロ（株）,プライム,
0449,3436,（株）ＳＵＭＣＯ,プライム,
0450,3443,川田テクノロジーズ（株）,プライム,
0451,3444,（株）菊池製作所,スタンダード,
0452,3445,（株）ＲＳ　Ｔｅｃｈｎｏｌｏｇｉｅｓ,プライム,
0453,3446,（株）ジェイテックコーポレーション,スタンダード,
0454,3449,（株）テクノフレックス,スタンダード,
0455,3452,（株）ビーロット,スタンダード,
0456,3454,ファーストブラザーズ（株）,スタンダード,
0457,3457,（株）Ａｎｄ　Ｄｏホールディングス,プライム,
0458,3465,ケイアイスター不動産（株）,プライム,
0459,3475,（株）グッドコムアセット,プライム,
0460,3479,（株）ＴＫＰ,グロース,
0461,3480,（株）ジェイ・エス・ビー,プライム,
0462,3482,ロードスターキャピタル（株）,プライム,
0463,3484,（株）イノベーションホールディングス,スタンダード,
0464,3486,（株）グローバル・リンク・マネジメント,プライム,
0465,3489,（株）フェイスネットワーク,スタンダード,
0466,3498,霞ヶ関キャピタル（株）,プライム,
0467,3501,ＳＵＭＩＮＯＥ（株）,プライム,
0468,3521,テルマー湯ホールディングス（株）,スタンダード,
0469,3529,アツギ（株）,スタンダード,
0470,3538,（株）ウイルプラスホールディングス,スタンダード,
0471,3539,（株）ＪＭホールディングス,プライム,
0472,3542,（株）ベガコーポレーション,グロース,
0473,3543,（株）コメダホールディングス,プライム,
0474,3544,サツドラホールディングス（株）,スタンダード,
0475,3547,（株）ユニシアホールディングス,スタンダード,
0476,3548,（株）バロックジャパンリミテッド,プライム,
0477,3549,（株）クスリのアオキホールディングス,プライム,
0478,3553,共和レザー（株）,スタンダード,
0479,3559,（株）ピーバンドットコム,スタンダード,
0480,3561,（株）力の源ホールディングス,プライム,
0481,3563,（株）ＦＯＯＤ　＆　ＬＩＦＥ　ＣＯＭＰＡＮＩＥＳ,プライム,
0482,3565,アセンテック（株）,スタンダード,
0483,3569,セーレン（株）,プライム,
0484,3571,（株）ソトー,スタンダード,
0485,3580,小松マテーレ（株）,プライム,
0486,3591,（株）ワコールホールディングス,プライム,
0487,3608,（株）ＴＳＩホールディングス,プライム,
0488,3611,（株）マツオカコーポレーション,スタンダード,
0489,3612,（株）ワールド,プライム,
0490,3626,ＴＩＳ（株）,プライム,
0491,3627,テクミラホールディングス（株）,スタンダード,
0492,3632,グリーホールディングス（株）,プライム,
0493,3635,（株）コーエーテクモホールディングス,プライム,
0494,3636,（株）三菱総合研究所,プライム,
0495,3639,（株）ボルテージ,スタンダード,
0496,3640,（株）電算,スタンダード,
0497,3645,（株）メディカルネット,グロース,
0498,3648,ＡＧＳ（株）,スタンダード,
0499,3649,（株）ファインデックス,プライム,
0500,3653,（株）モルフォ,グロース,
0501,3656,ＫＬａｂ（株）,プライム,
0502,3657,ポールトゥウィンホールディングス（株）,プライム,
0503,3659,（株）ネクソン,プライム,
0504,3660,（株）アイスタイル,プライム,
0505,3661,（株）エムアップホールディングス,プライム,
0506,3662,（株）エイチームホールディングス,プライム,
0507,3663,（株）セルシス,プライム,
0508,3664,（株）ＷＩＺＥ,グロース,
0509,3665,（株）エニグモ,プライム,
0510,3667,（株）ｅｎｉｓｈ,スタンダード,
0511,3668,（株）コロプラ,プライム,
0512,3673,（株）ブロードリーフ,プライム,
0513,3674,（株）オークファン,グロース,
0514,3675,（株）クロス・マーケティンググループ,スタンダード,
0515,3676,（株）デジタルハーツホールディングス,プライム,
0516,3678,（株）メディアドゥ,プライム,
0517,3679,（株）じげん,プライム,
0518,3680,（株）ホットリンク,グロース,
0519,3682,エンカレッジ・テクノロジ（株）,スタンダード,
0520,3683,（株）サイバーリンクス,スタンダード,
0521,3686,（株）ディー・エル・イー,スタンダード,
0522,3687,（株）フィックスターズ,プライム,
0523,3690,（株）イルグルム,スタンダード,
0524,3692,（株）ＦＦＲＩセキュリティ,グロース,
0525,3694,（株）オプティム,プライム,
0526,3696,（株）セレス,プライム,
0527,3697,（株）ＳＨＩＦＴ,プライム,
0528,3698,（株）ＣＲＩ・ミドルウェア,スタンダード,
0529,3708,特種東海製紙（株）,プライム,
0530,3710,ジョルダン（株）,スタンダード,
0531,3712,（株）情報企画,スタンダード,
0532,3733,（株）ソフトウェア・サービス,スタンダード,
0533,3741,（株）セック,プライム,
0534,3744,サイオス（株）,スタンダード,
0535,3747,（株）インタートレード,スタンダード,
0536,3758,（株）アエリア,スタンダード,
0537,3762,テクマトリックス（株）,プライム,
0538,3765,ガンホー・オンライン・エンターテイメント（株）,プライム,
0539,3768,リスクモンスター（株）,スタンダード,
0540,3769,ＧＭＯペイメントゲートウェイ（株）,プライム,
0541,3771,（株）システムリサーチ,プライム,
0542,3773,（株）アドバンスト・メディア,グロース,
0543,3774,（株）インターネットイニシアティブ,プライム,
0544,3778,さくらインターネット（株）,プライム,
0545,3788,ＧＭＯグローバルサイン・ホールディングス（株）,プライム,
0546,3791,（株）ＩＧポート,スタンダード,
0547,3793,（株）ドリコム,グロース,
0548,3796,（株）いい生活,スタンダード,
0549,3799,キーウェアソリューションズ（株）,スタンダード,
0550,3807,（株）フィスコ,グロース,
0551,3817,（株）ＳＲＡホールディングス,プライム,
0552,3826,（株）システムインテグレータ,スタンダード,
0553,3834,（株）朝日ネット,プライム,
0554,3835,ｅＢＡＳＥ（株）,プライム,
0555,3836,（株）アバントグループ,プライム,
0556,3837,アドソル日進（株）,プライム,
0557,3839,（株）ＯＤＫソリューションズ,スタンダード,
0558,3843,フリービット（株）,プライム,
0559,3844,コムチュア（株）,プライム,
0560,3848,（株）データ・アプリケーション,スタンダード,
0561,3851,（株）日本一ソフトウェア,スタンダード,
0562,3853,アステリア（株）,プライム,
0563,3861,王子ホールディングス（株）,プライム,
0564,3863,日本製紙（株）,プライム,
0565,3864,三菱製紙（株）,プライム,
0566,3865,北越コーポレーション（株）,プライム,
0567,3877,中越パルプ工業（株）,プライム,
0568,3878,（株）巴川コーポレーション,スタンダード,
0569,3880,大王製紙（株）,プライム,
0570,3891,ニッポン高度紙工業（株）,スタンダード,
0571,3892,（株）岡山製紙,スタンダード,
0572,3900,（株）クラウドワークス,グロース,
0573,3901,マークラインズ（株）,プライム,
0574,3903,（株）ｇｕｍｉ,プライム,
0575,3905,データセクション（株）,グロース,
0576,3912,（株）モバイルファクトリー,スタンダード,
0577,3914,ＪＩＧ－ＳＡＷ（株）,グロース,
0578,3915,（株）テラスカイ,プライム,
0579,3916,デジタル・インフォメーション・テクノロジー（株）,プライム,
0580,3917,（株）アイリッジ,グロース,
0581,3920,アイビーシー（株）,スタンダード,
0582,3921,（株）ネオジャパン,プライム,
0583,3922,（株）ＰＲ　ＴＩＭＥＳ,プライム,
0584,3923,（株）ラクス,プライム,
0585,3928,（株）マイネット,スタンダード,
0586,3932,（株）アカツキ,プライム,
0587,3933,チエル（株）,スタンダード,
0588,3937,（株）Ｕｂｉｃｏｍホールディングス,スタンダード,
0589,3939,（株）カナミックネットワーク,プライム,
0590,3940,（株）ノムラシステムコーポレーション,スタンダード,
0591,3941,レンゴー（株）,プライム,
0592,3946,（株）トーモク,プライム,
0593,3947,ダイナパック（株）,スタンダード,
0594,3950,ザ・パック（株）,プライム,
0595,3951,朝日印刷（株）,スタンダード,
0596,3955,（株）イムラ,スタンダード,
0597,3962,（株）チェンジホールディングス,プライム,
0598,3963,（株）シンクロ・フード,プライム,
0599,3964,（株）オークネット,プライム,
0600,3968,セグエグループ（株）,プライム,
0601,3983,（株）オロ,プライム,
0602,3984,（株）ユーザーローカル,プライム,
0603,3987,エコモット（株）,グロース,
0604,3992,（株）ニーズウェル,プライム,
0605,3993,（株）ＰＫＳＨＡ　Ｔｅｃｈｎｏｌｏｇｙ,プライム,
0606,3994,（株）マネーフォワード,プライム,
0607,3996,サインポスト（株）,スタンダード,
0608,3997,（株）トレードワークス,スタンダード,
0609,3998,（株）すららネット,グロース,
0610,4004,（株）レゾナック・ホールディングス,プライム,
0611,4005,住友化学（株）,プライム,
0612,4008,住友精化（株）,プライム,
0613,4012,（株）アクシス,スタンダード,
0614,4013,勤次郎（株）,グロース,
0615,4019,（株）スタメン,グロース,
0616,4021,日産化学（株）,プライム,
0617,4022,ラサ工業（株）,プライム,
0618,4023,（株）クレハ,プライム,
0619,4025,多木化学（株）,プライム,
0620,4026,神島化学工業（株）,スタンダード,
0621,4027,テイカ（株）,プライム,
0622,4028,石原産業（株）,プライム,
0623,4031,片倉コープアグリ（株）,スタンダード,
0624,4041,日本曹達（株）,プライム,
0625,4042,東ソー（株）,プライム,
0626,4043,（株）トクヤマ,プライム,
0627,4044,セントラル硝子（株）,プライム,
0628,4045,東亞合成（株）,プライム,
0629,4046,（株）大阪ソーダ,プライム,
0630,4047,関東電化工業（株）,プライム,
0631,4053,（株）Ｓｕｎ　Ａｓｔｅｒｉｓｋ,プライム,
0632,4054,日本情報クリエイト（株）,グロース,
0633,4055,ティアンドエスグループ（株）,グロース,
0634,4058,トヨクモ（株）,グロース,
0635,4060,ｒａｋｕｍｏ（株）,グロース,
0636,4061,デンカ（株）,プライム,
0637,4062,イビデン（株）,プライム,
0638,4063,信越化学工業（株）,プライム,
0639,4064,日本カーバイド工業（株）,プライム,
0640,4071,（株）プラスアルファ・コンサルティング,プライム,
0641,4072,（株）電算システムホールディングス,プライム,
0642,4074,（株）ラキール,グロース,
0643,4078,堺化学工業（株）,プライム,
0644,4082,第一稀元素化学工業（株）,プライム,
0645,4088,エア・ウォーター（株）,プライム,
0646,4091,日本酸素ホールディングス（株）,プライム,
0647,4092,日本化学工業（株）,プライム,
0648,4095,日本パーカライジング（株）,プライム,
0649,4097,高圧ガス工業（株）,プライム,
0650,4099,四国化成ホールディングス（株）,プライム,
0651,409A,オリオンビール（株）,プライム,
0652,4100,戸田工業（株）,スタンダード,
0653,4109,ステラ　ケミファ（株）,プライム,
0654,4112,保土谷化学工業（株）,プライム,
0655,4114,（株）日本触媒,プライム,
0656,4116,大日精化工業（株）,プライム,
0657,4118,（株）カネカ,プライム,
0658,414A,（株）オーバーラップホールディングス,グロース,
0659,4151,協和キリン（株）,プライム,
0660,4165,（株）プレイド,グロース,
0661,4167,（株）ココペリ,グロース,
0662,4168,（株）ヤプリ,グロース,
0663,4169,ＥＮＥＣＨＡＮＧＥ（株）,グロース,
0664,416A,富士ユナイトホールディングス（株）,スタンダード,
0665,4170,（株）Ｋａｉｚｅｎ　Ｐｌａｔｆｏｒｍ,グロース,
0666,4176,（株）ココナラ,グロース,
0667,417A,（株）ブルーゾーンホールディングス,プライム,
0668,4182,三菱瓦斯化学（株）,プライム,
0669,4183,三井化学（株）,プライム,
0670,4186,東京応化工業（株）,プライム,
0671,4187,大阪有機化学工業（株）,プライム,
0672,4188,三菱ケミカルグループ（株）,プライム,
0673,4189,ＫＨネオケム（株）,プライム,
0674,4192,スパイダープラス（株）,グロース,
0675,4194,ビジョナル（株）,プライム,
0676,4202,（株）ダイセル,プライム,
0677,4203,住友ベークライト（株）,プライム,
0678,4204,積水化学工業（株）,プライム,
0679,4205,日本ゼオン（株）,プライム,
0680,4206,アイカ工業（株）,プライム,
0681,4208,ＵＢＥ（株）,プライム,
0682,4212,積水樹脂（株）,プライム,
0683,4216,旭有機材（株）,プライム,
0684,4218,ニチバン（株）,プライム,
0685,4220,リケンテクノス（株）,プライム,
0686,4221,大倉工業（株）,プライム,
0687,4228,積水化成品工業（株）,プライム,
0688,4229,群栄化学工業（株）,プライム,
0689,4231,タイガースポリマー（株）,スタンダード,
0690,4237,フジプレアム（株）,スタンダード,
0691,4242,（株）タカギセイコー,スタンダード,
0692,4245,（株）ダイキアクシス,スタンダード,
0693,4246,ダイキョーニシカワ（株）,プライム,
0694,4248,竹本容器（株）,スタンダード,
0695,4249,森六（株）,プライム,
0696,4251,恵和（株）,プライム,
0697,4258,（株）網屋,グロース,
0698,4262,ニフティライフスタイル（株）,グロース,
0699,4263,サスメド（株）,グロース,
0700,4272,日本化薬（株）,プライム,
0701,4275,（株）カーリット,プライム,
0702,4286,（株）ＣＬホールディングス,スタンダード,
0703,4288,（株）アズジェント,スタンダード,
0704,4290,（株）プレステージ・インターナショナル,プライム,
0705,4293,（株）セプテーニ・ホールディングス,スタンダード,
0706,4299,（株）ハイマックス,スタンダード,
0707,429A,テクセンドフォトマスク（株）,プライム,
0708,4301,（株）アミューズ,プライム,
0709,4307,（株）野村総合研究所,プライム,
0710,4310,（株）ドリームインキュベータ,プライム,
0711,4318,（株）クイック,プライム,
0712,4323,日本システム技術（株）,プライム,
0713,4324,（株）電通グループ,プライム,
0714,4326,（株）インテージホールディングス,プライム,
0715,4337,ぴあ（株）,プライム,
0716,4343,（株）イオンファンタジー,プライム,
0717,4344,ソースネクスト（株）,プライム,
0718,4345,（株）シーティーエス,プライム,
0719,4346,（株）ＮＥＸＹＺ．Ｇｒｏｕｐ,スタンダード,
0720,4347,ブロードメディア（株）,スタンダード,
0721,4351,（株）山田再生系債権回収総合事務所,スタンダード,
0722,4362,日本精化（株）,プライム,
0723,4367,広栄化学（株）,スタンダード,
0724,4368,扶桑化学工業（株）,プライム,
0725,4369,（株）トリケミカル研究所,プライム,
0726,4371,（株）コアコンセプト・テクノロジー,グロース,
0727,4373,シンプレクス・ホールディングス（株）,プライム,
0728,4375,セーフィー（株）,グロース,
0729,4382,ＨＥＲＯＺ（株）,スタンダード,
0730,4385,（株）メルカリ,プライム,
0731,4386,（株）ＳＩＧグループ,スタンダード,
0732,4388,（株）エーアイ,スタンダード,
0733,4390,（株）ＩＰＳ,プライム,
0734,4392,ＦＩＧ（株）,プライム,
0735,4393,（株）バンク・オブ・イノベーション,グロース,
0736,4396,（株）システムサポートホールディングス,プライム,
0737,4401,（株）ＡＤＥＫＡ,プライム,
0738,4403,日油（株）,プライム,
0739,4404,ミヨシ油脂（株）,スタンダード,
0740,4406,新日本理化（株）,スタンダード,
0741,4410,ハリマ化成グループ（株）,プライム,
0742,4418,（株）ＪＤＳＣ,グロース,
0743,441A,ＮＥ（株）,グロース,
0744,4420,イーソル（株）,スタンダード,
0745,4424,（株）Ａｍａｚｉａ,グロース,
0746,4425,Ｋｕｄａｎ（株）,グロース,
0747,4428,（株）シノプス,グロース,
0748,4429,リックソフト（株）,グロース,
0749,4431,（株）スマレジ,グロース,
0750,4432,ウイングアーク１ｓｔ（株）,プライム,
0751,4434,（株）サーバーワークス,スタンダード,
0752,4436,（株）ミンカブ・ジ・インフォノイド,グロース,
0753,4439,（株）東名,スタンダード,
0754,4440,（株）ヴィッツ,スタンダード,
0755,4442,バルテス・ホールディングス（株）,グロース,
0756,4443,Ｓａｎｓａｎ（株）,プライム,
0757,4446,Ｌｉｎｋ－Ｕグループ（株）,プライム,
0758,4447,（株）ピー・ビーシステムズ,グロース,
0759,4448,（株）ｋｕｂｅｌｌ,グロース,
0760,4449,（株）ギフティ,プライム,
0761,4452,花王（株）,プライム,
0762,4461,第一工業製薬（株）,プライム,
0763,4462,石原ケミカル（株）,プライム,
0764,4464,（株）ソフト９９コーポレーション,スタンダード,
0765,4465,（株）ニイタカ,スタンダード,
0766,4471,三洋化成工業（株）,プライム,
0767,4475,ＨＥＮＮＧＥ（株）,グロース,
0768,4477,ＢＡＳＥ（株）,グロース,
0769,4478,フリー（株）,グロース,
0770,4480,（株）メドレー,プライム,
0771,4481,ベース（株）,プライム,
0772,4482,（株）ウィルズ,グロース,
0773,4483,（株）ＪＭＤＣ,プライム,
0774,4486,ユナイトアンドグロウ（株）,グロース,
0775,4493,（株）サイバーセキュリティクラウド,グロース,
0776,4498,サイバートラスト（株）,グロース,
0777,4499,（株）Ｓｐｅｅｅ,スタンダード,
0778,4502,武田薬品工業（株）,プライム,
0779,4503,アステラス製薬（株）,プライム,
0780,4506,住友ファーマ（株）,プライム,
0781,4507,塩野義製薬（株）,プライム,
0782,4512,わかもと製薬（株）,スタンダード,
0783,4516,日本新薬（株）,プライム,
0784,4519,中外製薬（株）,プライム,
0785,4521,科研製薬（株）,プライム,
0786,4523,エーザイ（株）,プライム,
0787,4524,森下仁丹（株）,スタンダード,
0788,4526,理研ビタミン（株）,プライム,
0789,4527,ロート製薬（株）,プライム,
0790,4528,小野薬品工業（株）,プライム,
0791,4531,有機合成薬品工業（株）,スタンダード,
0792,4534,持田製薬（株）,プライム,
0793,4536,参天製薬（株）,プライム,
0794,4538,扶桑薬品工業（株）,プライム,
0795,4540,（株）ツムラ,プライム,
0796,4543,テルモ（株）,プライム,
0797,4544,Ｈ．Ｕ．グループホールディングス（株）,プライム,
0798,4547,キッセイ薬品工業（株）,プライム,
0799,4548,生化学工業（株）,プライム,
0800,4549,栄研化学（株）,プライム,
0801,4552,ＪＣＲファーマ（株）,プライム,
0802,4553,東和薬品（株）,プライム,
0803,4554,富士製薬工業（株）,プライム,
0804,4559,ゼリア新薬工業（株）,プライム,
0805,4564,オンコセラピー・サイエンス（株）,グロース,
0806,4565,ネクセラファーマ（株）,プライム,
0807,4568,第一三共（株）,プライム,
0808,4569,杏林製薬（株）,プライム,
0809,456A,ＨＵＭＡＮ　ＭＡＤＥ（株）,グロース,
0810,4574,大幸薬品（株）,プライム,
0811,4577,ダイト（株）,プライム,
0812,4578,大塚ホールディングス（株）,プライム,
0813,4587,ペプチドリーム（株）,プライム,
0814,4593,（株）ヘリオス,グロース,
0815,4597,ソレイジア・ファーマ（株）,グロース,
0816,4611,大日本塗料（株）,プライム,
0817,4612,日本ペイントホールディングス（株）,プライム,
0818,4613,関西ペイント（株）,プライム,
0819,4617,中国塗料（株）,プライム,
0820,4619,日本特殊塗料（株）,スタンダード,
0821,4620,藤倉化成（株）,スタンダード,
0822,4623,（株）アサヒペン,スタンダード,
0823,4626,太陽ホールディングス（株）,プライム,
0824,4631,ＤＩＣ（株）,プライム,
0825,4633,サカタインクス（株）,プライム,
0826,4634,ａｒｔｉｅｎｃｅ（株）,プライム,
0827,463A,（株）インテリックスホールディングス,スタンダード,
0828,4641,（株）アルプス技研,プライム,
0829,4644,イマジニア（株）,スタンダード,
0830,464A,（株）ＱＰＳホールディングス,グロース,
0831,4651,（株）サニックスホールディングス,スタンダード,
0832,4658,日本空調サービス（株）,プライム,
0833,4661,（株）オリエンタルランド,プライム,
0834,4665,（株）ダスキン,プライム,
0835,4666,パーク２４（株）,プライム,
0836,4668,（株）明光ネットワークジャパン,プライム,
0837,4671,（株）ファルコホールディングス,スタンダード,
0838,4674,（株）クレスコ,プライム,
0839,4676,（株）フジ・メディア・ホールディングス,プライム,
0840,4678,（株）秀英予備校,スタンダード,
0841,4680,（株）ラウンドワン,プライム,
0842,4681,リゾートトラスト（株）,プライム,
0843,4686,（株）ジャストシステム,プライム,
0844,4687,ＴＤＣソフト（株）,プライム,
0845,4689,ＬＩＮＥヤフー（株）,プライム,
0846,4694,（株）ビー・エム・エル,プライム,
0847,4704,トレンドマイクロ（株）,プライム,
0848,4709,（株）ＩＤホールディングス,プライム,
0849,4712,（株）ＫｅｙＨｏｌｄｅｒ,スタンダード,
0850,4714,（株）リソー教育グループ,プライム,
0851,4716,日本オラクル（株）,スタンダード,
0852,4718,（株）早稲田アカデミー,プライム,
0853,4719,（株）アルファシステムズ,プライム,
0854,4722,フューチャー（株）,プライム,
0855,4725,（株）ＣＡＣ　Ｈｏｌｄｉｎｇｓ,プライム,
0856,4732,（株）ユー・エス・エス,プライム,
0857,4743,（株）アイティフォー,プライム,
0858,4746,（株）東計電算,スタンダード,
0859,4750,（株）ダイサン,スタンダード,
0860,4751,（株）サイバーエージェント,プライム,
0861,4755,楽天グループ（株）,プライム,
0862,4763,（株）クリーク・アンド・リバー社,プライム,
0863,4765,ＳＢＩグローバルアセットマネジメント（株）,プライム,
0864,4768,（株）大塚商会,プライム,
0865,4769,（株）ＩＣ,スタンダード,
0866,4771,（株）エフアンドエム,スタンダード,
0867,4776,サイボウズ（株）,プライム,
0868,4783,ＮＣＤ（株）,スタンダード,
0869,4792,山田コンサルティンググループ（株）,プライム,
0870,4800,オリコン（株）,スタンダード,
0871,4812,（株）電通総研,プライム,
0872,4813,（株）ＡＣＣＥＳＳ,プライム,
0873,4814,ネクストウェア（株）,スタンダード,
0874,4816,東映アニメーション（株）,スタンダード,
0875,4819,（株）デジタルガレージ,プライム,
0876,4820,（株）イーエムシステムズ,プライム,
0877,4825,（株）ウェザーニューズ,プライム,
0878,4826,（株）ＣＩＪ,プライム,
0879,4828,ビジネスエンジニアリング（株）,プライム,
0880,4829,日本エンタープライズ（株）,スタンダード,
0881,4839,（株）ＷＯＷＯＷ,プライム,
0882,4845,（株）スカラ,スタンダード,
0883,4847,（株）インテリジェント　ウェイブ,プライム,
0884,4848,（株）フルキャストホールディングス,プライム,
0885,4849,エン（株）,プライム,
0886,4880,セルソース（株）,スタンダード,
0887,4885,室町ケミカル（株）,スタンダード,
0888,4886,あすか製薬ホールディングス（株）,プライム,
0889,4887,サワイグループホールディングス（株）,プライム,
0890,4893,ノイルイミューン・バイオテック（株）,グロース,
0891,4901,富士フイルムホールディングス（株）,プライム,
0892,4902,コニカミノルタ（株）,プライム,
0893,4911,（株）資生堂,プライム,
0894,4912,ライオン（株）,プライム,
0895,4914,高砂香料工業（株）,プライム,
0896,4919,（株）ミルボン,プライム,
0897,4922,（株）コーセーホールディングス,プライム,
0898,4923,コタ（株）,プライム,
0899,4925,（株）ハーバー研究所,スタンダード,
0900,4927,（株）ポーラ・オルビスホールディングス,プライム,
0901,4928,（株）ノエビアホールディングス,プライム,
0902,4929,（株）アジュバンホールディングス,スタンダード,
0903,4931,新日本製薬（株）,プライム,
0904,4933,（株）Ｉ－ｎｅ,プライム,
0905,4934,プレミアアンチエイジング（株）,グロース,
0906,4936,（株）アクシージア,スタンダード,
0907,4951,エステー（株）,プライム,
0908,4956,コニシ（株）,プライム,
0909,4958,長谷川香料（株）,プライム,
0910,4960,ケミプロ化成（株）,スタンダード,
0911,4967,小林製薬（株）,プライム,
0912,4968,荒川化学工業（株）,プライム,
0913,4971,メック（株）,プライム,
0914,4975,（株）ＪＣＵ,プライム,
0915,4977,新田ゼラチン（株）,スタンダード,
0916,4980,デクセリアルズ（株）,プライム,
0917,4985,アース製薬（株）,プライム,
0918,4992,北興化学工業（株）,スタンダード,
0919,4994,大成ラミックグループ（株）,スタンダード,
0920,4996,クミアイ化学工業（株）,プライム,
0921,4997,日本農薬（株）,プライム,
0922,4998,フマキラー（株）,スタンダード,
0923,5011,ニチレキグループ（株）,プライム,
0924,5013,（株）ユシロ,スタンダード,
0925,5016,ＪＸ金属（株）,プライム,
0926,5018,（株）ＭＯＲＥＳＣＯ,スタンダード,
0927,5019,出光興産（株）,プライム,
0928,5020,ＥＮＥＯＳホールディングス（株）,プライム,
0929,5021,コスモエネルギーホールディングス（株）,プライム,
0930,5032,ＡＮＹＣＯＬＯＲ（株）,プライム,
0931,5033,（株）ヌーラボ,グロース,
0932,5036,日本ビジネスシステムズ（株）,プライム,
0933,5071,（株）ヴィス,スタンダード,
0934,5074,テスホールディングス（株）,プライム,
0935,5076,インフロニア・ホールディングス（株）,プライム,
0936,5101,横浜ゴム（株）,プライム,
0937,5105,ＴＯＹＯ　ＴＩＲＥ（株）,プライム,
0938,5108,（株）ブリヂストン,プライム,
0939,5110,住友ゴム工業（株）,プライム,
0940,5121,藤倉コンポジット（株）,プライム,
0941,5122,オカモト（株）,プライム,
0942,5129,（株）ＦＩＸＥＲ,グロース,
0943,5131,リンカーズ（株）,グロース,
0944,5132,（株）ｐｌｕｓｚｅｒｏ,グロース,
0945,5137,（株）スマートドライブ,グロース,
0946,5142,アキレス（株）,プライム,
0947,5162,（株）朝日ラバー,スタンダード,
0948,5184,（株）ニチリン,スタンダード,
0949,5185,（株）フコク,プライム,
0950,5186,ニッタ（株）,プライム,
0951,5192,三ツ星ベルト（株）,プライム,
0952,5195,バンドー化学（株）,プライム,
0953,5201,ＡＧＣ（株）,プライム,
0954,5202,日本板硝子（株）,プライム,
0955,5204,石塚硝子（株）,スタンダード,
0956,5208,（株）有沢製作所,プライム,
0957,5210,日本山村硝子（株）,スタンダード,
0958,5214,日本電気硝子（株）,プライム,
0959,5218,（株）オハラ,スタンダード,
0960,5232,住友大阪セメント（株）,プライム,
0961,5233,太平洋セメント（株）,プライム,
0962,5237,（株）ノザワ,スタンダード,
0963,5240,ｍｏｎｏＡＩ　ｔｅｃｈｎｏｌｏｇｙ（株）,グロース,
0964,5244,（株）ｊｉｇ．ｊｐ,グロース,
0965,5253,カバー（株）,グロース,
0966,5258,（株）トランザクション・メディア・ネットワークス,グロース,
0967,5262,日本ヒューム（株）,プライム,
0968,5269,日本コンクリート工業（株）,プライム,
0969,5273,三谷セキサン（株）,スタンダード,
0970,5285,（株）ヤマックス,スタンダード,
0971,5290,（株）ベルテクスコーポレーション,スタンダード,
0972,5301,東海カーボン（株）,プライム,
0973,5302,日本カーボン（株）,プライム,
0974,5304,ＳＥＣカーボン（株）,スタンダード,
0975,5310,東洋炭素（株）,プライム,
0976,5331,ノリタケ（株）,プライム,
0977,5332,ＴＯＴＯ（株）,プライム,
0978,5333,ＮＧＫ（株）,プライム,
0979,5334,日本特殊陶業（株）,プライム,
0980,5337,ダントーホールディングス（株）,スタンダード,
0981,5341,ＡＳＡＨＩ　ＥＩＴＯホールディングス（株）,スタンダード,
0982,5344,（株）ＭＡＲＵＷＡ,プライム,
0983,5351,品川リフラ（株）,プライム,
0984,5356,美濃窯業（株）,スタンダード,
0985,5357,（株）ヨータイ,プライム,
0986,5363,東京窯業（株）,スタンダード,
0987,5367,（株）ニッカトー,スタンダード,
0988,5381,マイポックス（株）,スタンダード,
0989,5384,（株）フジミインコーポレーテッド,プライム,
0990,5388,クニミネ工業（株）,スタンダード,
0991,5391,（株）エーアンドエーマテリアル,スタンダード,
0992,5393,ニチアス（株）,プライム,
0993,5401,日本製鉄（株）,プライム,
0994,5406,（株）神戸製鋼所,プライム,
0995,5408,（株）中山製鋼所,プライム,
0996,5410,合同製鐵（株）,プライム,
0997,5411,ＪＦＥホールディングス（株）,プライム,
0998,5423,東京製鐵（株）,プライム,
0999,543A,ＡＲＣＨＩＯＮ（株）,プライム,
1000,5440,共英製鋼（株）,プライム,
1001,5444,大和工業（株）,プライム,
1002,5449,大阪製鐵（株）,スタンダード,
1003,544A,ＧＭＳグループ（株）,プライム,
1004,5451,（株）ヨドコウ,プライム,
1005,5461,中部鋼鈑（株）,プライム,
1006,5463,丸一鋼管（株）,プライム,
1007,5464,モリ工業（株）,スタンダード,
1008,546A,ＭＩＲＡＩＮＩホールディングス（株）,プライム,
1009,5471,大同特殊鋼（株）,プライム,
1010,547A,ムニノバホールディングス（株）,プライム,
1011,5480,日本冶金工業（株）,プライム,
1012,5482,愛知製鋼（株）,プライム,
1013,5491,日本金属（株）,スタンダード,
1014,5541,大平洋金属（株）,プライム,
1015,5563,新日本電工（株）,プライム,
1016,5589,（株）オートサーバー,スタンダード,
1017,5590,（株）ネットスターズ,グロース,
1018,5602,（株）栗本鐵工所,プライム,
1019,5603,虹技（株）,スタンダード,
1020,5609,日本鋳造（株）,スタンダード,
1021,5631,（株）日本製鋼所,プライム,
1022,5632,三菱製鋼（株）,プライム,
1023,5658,日亜鋼業（株）,スタンダード,
1024,5659,日本精線（株）,プライム,
1025,5660,神鋼鋼線工業（株）,スタンダード,
1026,5702,（株）大紀アルミニウム工業所,プライム,
1027,5703,日本軽金属ホールディングス（株）,プライム,
1028,5706,三井金属（株）,プライム,
1029,5707,東邦亜鉛（株）,プライム,
1030,5711,三菱マテリアル（株）,プライム,
1031,5713,住友金属鉱山（株）,プライム,
1032,5714,ＤＯＷＡホールディングス（株）,プライム,
1033,5715,古河機械金属（株）,プライム,
1034,5726,（株）大阪チタニウムテクノロジーズ,プライム,
1035,5741,（株）ＵＡＣＪ,プライム,
1036,5742,エヌアイシ・オートテック（株）,スタンダード,
1037,5801,古河電気工業（株）,プライム,
1038,5802,住友電気工業（株）,プライム,
1039,5803,（株）フジクラ,プライム,
1040,5805,ＳＷＣＣ（株）,プライム,
1041,5816,オーナンバ（株）,スタンダード,
1042,5830,（株）いよぎんホールディングス,プライム,
1043,5831,（株）しずおかフィナンシャルグループ,プライム,
1044,5832,（株）ちゅうぎんフィナンシャルグループ,プライム,
1045,5834,ＳＢＩリーシングサービス（株）,グロース,
1046,5838,楽天銀行（株）,プライム,
1047,5844,（株）京都フィナンシャルグループ,プライム,
1048,5845,全保連（株）,スタンダード,
1049,5851,リョービ（株）,プライム,
1050,5852,（株）アーレスティ,プライム,
1051,5857,ＡＲＥホールディングス（株）,プライム,
1052,5869,（株）早稲田学習研究会,スタンダード,
1053,5871,ＳＯＬＩＺＥ　Ｈｏｌｄｉｎｇｓ（株）,スタンダード,
1054,5885,（株）ジーデップ・アドバンス,スタンダード,
1055,5901,東洋製罐グループホールディングス（株）,プライム,
1056,5902,ホッカンホールディングス（株）,プライム,
1057,5911,（株）横河ブリッジホールディングス,プライム,
1058,5915,（株）駒井ハルテック,スタンダード,
1059,5923,高田機工（株）,スタンダード,
1060,5928,アルメタックス（株）,スタンダード,
1061,5929,三和ホールディングス（株）,プライム,
1062,5930,文化シヤッター（株）,プライム,
1063,5932,三協立山（株）,プライム,
1064,5933,アルインコ（株）,プライム,
1065,5936,東洋シヤッター（株）,スタンダード,
1066,5938,（株）ＬＩＸＩＬ,プライム,
1067,5941,（株）中西製作所,スタンダード,
1068,5943,（株）ノーリツ,プライム,
1069,5946,（株）長府製作所,プライム,
1070,5947,リンナイ（株）,プライム,
1071,5949,ユニプレス（株）,プライム,
1072,5950,日本パワーファスニング（株）,スタンダード,
1073,5951,ダイニチ工業（株）,スタンダード,
1074,5955,（株）ワイズホールディングス,スタンダード,
1075,5956,トーソー（株）,スタンダード,
1076,5957,日東精工（株）,プライム,
1077,5958,三洋工業（株）,スタンダード,
1078,5959,岡部（株）,プライム,
1079,5970,（株）ジーテクト,プライム,
1080,5974,中国工業（株）,スタンダード,
1081,5975,東プレ（株）,プライム,
1082,5976,高周波熱錬（株）,プライム,
1083,5981,東京製綱（株）,プライム,
1084,5985,サンコール（株）,スタンダード,
1085,5986,モリテック　スチール（株）,スタンダード,
1086,5988,（株）パイオラックス,プライム,
1087,5989,（株）エイチワン,プライム,
1088,5991,日本発條（株）,プライム,
1089,5992,中央発條（株）,スタンダード,
1090,5998,（株）アドバネクス,スタンダード,
1091,6005,三浦工業（株）,プライム,
1092,6013,（株）タクマ,プライム,
1093,6023,ダイハツインフィニアース（株）,スタンダード,
1094,6027,弁護士ドットコム（株）,プライム,
1095,6031,ＺＥＴＡ（株）,グロース,
1096,6033,（株）エクストリーム,グロース,
1097,6034,ＭＲＴ（株）,グロース,
1098,6035,（株）アイ・アールジャパンホールディングス,スタンダード,
1099,6036,ＫｅｅＰｅｒ技研（株）,プライム,
1100,6037,楽待（株）,スタンダード,
1101,6038,（株）イード,グロース,
1102,6045,（株）レントラックス,グロース,
1103,6046,（株）リンクバル,スタンダード,
1104,6047,（株）Ｇｕｎｏｓｙ,スタンダード,
1105,6050,イー・ガーディアン（株）,プライム,
1106,6054,（株）リブセンス,スタンダード,
1107,6055,ジャパンマテリアル（株）,プライム,
1108,6058,（株）ベクトル,プライム,
1109,6059,（株）ウチヤマホールディングス,スタンダード,
1110,6062,（株）チャーム・ケア・コーポレーション,プライム,
1111,6069,トレンダーズ（株）,グロース,
1112,6070,キャリアリンク（株）,プライム,
1113,6071,（株）ＩＢＪ,プライム,
1114,6072,地盤ネットホールディングス（株）,スタンダード,
1115,6073,（株）アサンテ,プライム,
1116,6078,（株）バリューＨＲ,プライム,
1117,6080,Ｍ＆Ａキャピタルパートナーズ（株）,プライム,
1118,6081,アライドアーキテクツ（株）,グロース,
1119,6083,ＥＲＩホールディングス（株）,スタンダード,
1120,6088,（株）シグマクシス・ホールディングス,プライム,
1121,6089,（株）ウィルグループ,プライム,
1122,6091,（株）ウエスコホールディングス,スタンダード,
1123,6092,（株）エンバイオ・ホールディングス,スタンダード,
1124,6093,ミトラグループ（株）,スタンダード,
1125,6096,（株）レアジョブ,スタンダード,
1126,6098,（株）リクルートホールディングス,プライム,
1127,6099,（株）エラン,プライム,
1128,6101,（株）ツガミ,プライム,
1129,6103,オークマ（株）,プライム,
1130,6104,芝浦機械（株）,プライム,
1131,6113,（株）アマダ,プライム,
1132,6118,アイダエンジニアリング（株）,プライム,
1133,6134,（株）ＦＵＪＩ,プライム,
1134,6135,（株）牧野フライス製作所,プライム,
1135,6136,オーエスジー（株）,プライム,
1136,6137,小池酸素工業（株）,スタンダード,
1137,6140,旭ダイヤモンド工業（株）,プライム,
1138,6141,ＤＭＧ森精機（株）,プライム,
1139,6143,（株）ソディック,プライム,
1140,6145,ＮＩＴＴＯＫＵ（株）,スタンダード,
1141,6146,（株）ディスコ,プライム,
1142,6151,日東工器（株）,プライム,
1143,6157,日進工具（株）,スタンダード,
1144,6158,（株）和井田製作所,スタンダード,
1145,6165,パンチ工業（株）,スタンダード,
1146,6167,冨士ダイス（株）,プライム,
1147,6171,（株）土木管理総合試験所,スタンダード,
1148,6178,日本郵政（株）,プライム,
1149,6182,（株）メタリアル,グロース,
1150,6183,（株）ベルシステム２４ホールディングス,プライム,
1151,6184,（株）鎌倉新書,プライム,
1152,6185,ＳＭＮ（株）,スタンダード,
1153,6189,（株）グローバルキッズＣＯＭＰＡＮＹ,スタンダード,
1154,6191,（株）エアトリ,プライム,
1155,6194,（株）アトラエ,プライム,
1156,6196,（株）ストライクグループ,プライム,
1157,6197,（株）ソラスト,プライム,
1158,6199,（株）セラク,スタンダード,
1159,6200,（株）インソース,プライム,
1160,6203,豊和工業（株）,スタンダード,
1161,6208,（株）石川製作所,スタンダード,
1162,6209,リケンＮＰＲ（株）,プライム,
1163,6217,津田駒工業（株）,スタンダード,
1164,6218,エンシュウ（株）,スタンダード,
1165,6222,（株）島精機製作所,プライム,
1166,6223,（株）西部技研,スタンダード,
1167,6226,守谷輸送機工業（株）,スタンダード,
1168,6227,ＡＩメカテック（株）,スタンダード,
1169,6232,（株）ＡＣＳＬ,グロース,
1170,6235,（株）オプトラン,プライム,
1171,6237,（株）イワキポンプ,プライム,
1172,6238,フリュー（株）,プライム,
1173,6240,ヤマシンフィルタ（株）,プライム,
1174,6245,（株）ヒラノテクシード,スタンダード,
1175,6246,（株）テクノスマート,スタンダード,
1176,6247,（株）日阪製作所,プライム,
1177,6250,（株）やまびこ,プライム,
1178,6254,野村マイクロ・サイエンス（株）,プライム,
1179,6255,（株）エヌ・ピー・シー,グロース,
1180,6257,（株）藤商事,スタンダード,
1181,6258,平田機工（株）,プライム,
1182,6262,（株）ＰＥＧＡＳＵＳ,スタンダード,
1183,6264,（株）マルマエ,プライム,
1184,6266,タツモ（株）,プライム,
1185,6268,ナブテスコ（株）,プライム,
1186,6269,三井海洋開発（株）,プライム,
1187,6272,レオン自動機（株）,プライム,
1188,6273,ＳＭＣ（株）,プライム,
1189,6277,ホソカワミクロン（株）,プライム,
1190,6278,ユニオンツール（株）,プライム,
1191,6279,（株）瑞光,プライム,
1192,6282,オイレス工業（株）,プライム,
1193,6284,日精エー・エス・ビー機械（株）,プライム,
1194,6287,（株）サトー,プライム,
1195,6289,（株）技研製作所,プライム,
1196,6294,オカダアイヨン（株）,プライム,
1197,6298,ワイエイシイホールディングス（株）,プライム,
1198,6301,（株）小松製作所,プライム,
1199,6302,住友重機械工業（株）,プライム,
1200,6305,日立建機（株）,プライム,
1201,6306,日工（株）,プライム,
1202,6310,井関農機（株）,プライム,
1203,6315,ＴＯＷＡ（株）,プライム,
1204,6316,（株）丸山製作所,スタンダード,
1205,6317,（株）北川鉄工所,スタンダード,
1206,6323,ローツェ（株）,プライム,
1207,6324,（株）ハーモニック・ドライブ・システムズ,プライム,
1208,6325,（株）タカキタ,スタンダード,
1209,6326,（株）クボタ,プライム,
1210,6328,荏原実業（株）,プライム,
1211,6330,東洋エンジニアリング（株）,プライム,
1212,6331,三菱化工機（株）,プライム,
1213,6332,月島ホールディングス（株）,プライム,
1214,6333,（株）ＴＥＩＫＯＫＵ,プライム,
1215,6335,（株）東京機械製作所,スタンダード,
1216,6338,（株）タカトリ,スタンダード,
1217,6339,新東工業（株）,プライム,
1218,6340,澁谷工業（株）,プライム,
1219,6343,フリージア・マクロス（株）,スタンダード,
1220,6345,（株）アイチ　コーポレーション,プライム,
1221,6349,（株）小森コーポレーション,プライム,
1222,6351,（株）鶴見製作所,プライム,
1223,6356,日本ギア工業（株）,スタンダード,
1224,6357,三精テクノロジーズ（株）,スタンダード,
1225,6358,酒井重工業（株）,プライム,
1226,6361,（株）荏原製作所,プライム,
1227,6363,（株）酉島製作所,プライム,
1228,6364,（株）ＡＩＲＭＡＮ,プライム,
1229,6366,千代田化工建設（株）,スタンダード,
1230,6367,ダイキン工業（株）,プライム,
1231,6368,オルガノ（株）,プライム,
1232,6369,トーヨーカネツ（株）,プライム,
1233,6370,栗田工業（株）,プライム,
1234,6371,（株）椿本チエイン,プライム,
1235,6376,日機装（株）,プライム,
1236,6378,木村化工機（株）,スタンダード,
1237,6379,レイズネクスト（株）,プライム,
1238,6381,アネスト岩田（株）,プライム,
1239,6383,（株）ダイフク,プライム,
1240,6390,（株）加藤製作所,プライム,
1241,6393,油研工業（株）,スタンダード,
1242,6395,（株）タダノ,プライム,
1243,6400,不二精機（株）,スタンダード,
1244,6407,ＣＫＤ（株）,プライム,
1245,6412,（株）平和,プライム,
1246,6413,理想科学工業（株）,プライム,
1247,6417,（株）ＳＡＮＫＹＯ,プライム,
1248,6418,日本金銭機械（株）,プライム,
1249,6419,（株）マースグループホールディングス,プライム,
1250,6420,ガリレイ（株）,プライム,
1251,6425,（株）ユニバーサルエンターテインメント,スタンダード,
1252,6428,（株）オーイズミ,スタンダード,
1253,6430,ダイコク電機（株）,プライム,
1254,6432,（株）竹内製作所,プライム,
1255,6436,アマノ（株）,プライム,
1256,6440,ＪＵＫＩ（株）,プライム,
1257,6444,サンデン（株）,スタンダード,
1258,6445,（株）ジャノメ,プライム,
1259,6448,ブラザー工業（株）,プライム,
1260,6454,マックス（株）,プライム,
1261,6455,（株）モリタホールディングス,プライム,
1262,6457,グローリー（株）,プライム,
1263,6458,新晃工業（株）,プライム,
1264,6459,大和冷機工業（株）,プライム,
1265,6460,セガサミーホールディングス（株）,プライム,
1266,6463,ＴＰＲ（株）,プライム,
1267,6464,（株）ツバキ・ナカシマ,プライム,
1268,6465,ホシザキ（株）,プライム,
1269,6466,（株）ＴＶＥ,スタンダード,
1270,6470,大豊工業（株）,スタンダード,
1271,6471,日本精工（株）,プライム,
1272,6472,ＮＴＮ（株）,プライム,
1273,6473,（株）ジェイテクト,プライム,
1274,6474,（株）不二越,プライム,
1275,6479,ミネベアミツミ（株）,プライム,
1276,6480,日本トムソン（株）,プライム,
1277,6481,ＴＨＫ（株）,プライム,
1278,6482,ＹＵＳＨＩＮ（株）,スタンダード,
1279,6485,前澤給装工業（株）,スタンダード,
1280,6486,イーグル工業（株）,プライム,
1281,6490,（株）ＰＩＬＬＡＲ,プライム,
1282,6496,（株）中北製作所,スタンダード,
1283,6498,（株）キッツ,プライム,
1284,6501,（株）日立製作所,プライム,
1285,6503,三菱電機（株）,プライム,
1286,6504,富士電機（株）,プライム,
1287,6505,東洋電機製造（株）,スタンダード,
1288,6506,（株）安川電機,プライム,
1289,6507,シンフォニアテクノロジー（株）,プライム,
1290,6508,（株）明電舎,プライム,
1291,6516,山洋電気（株）,プライム,
1292,6517,デンヨー（株）,プライム,
1293,6522,（株）アスタリスク,グロース,
1294,6524,湖北工業（株）,スタンダード,
1295,6525,（株）ＫＯＫＵＳＡＩ　ＥＬＥＣＴＲＩＣ,プライム,
1296,6526,（株）ソシオネクスト,プライム,
1297,6532,（株）ベイカレント,プライム,
1298,6535,（株）アイモバイル,プライム,
1299,6537,ＷＡＳＨハウス（株）,グロース,
1300,6538,（株）ディスラプターズ,スタンダード,
1301,6539,（株）ＭＳ－Ｊａｐａｎ,プライム,
1302,6540,（株）船場,スタンダード,
1303,6544,ジャパンエレベーターサービスホールディングス（株）,プライム,
1304,6545,（株）インターネットインフィニティー,グロース,
1305,6546,フルテック（株）,スタンダード,
1306,6547,（株）グリーンズ,スタンダード,
1307,6551,（株）ツナググループ・ホールディングス,スタンダード,
1308,6552,（株）ＧａｍｅＷｉｔｈ,スタンダード,
1309,6560,（株）エル・ティー・エス,プライム,
1310,6562,（株）ジーニー,グロース,
1311,6563,（株）みらいワークス,グロース,
1312,6566,（株）要興業,スタンダード,
1313,6570,（株）共和コーポレーション,スタンダード,
1314,6572,オープングループ（株）,プライム,
1315,6580,（株）ライトアップ,グロース,
1316,6584,三櫻工業（株）,プライム,
1317,6586,（株）マキタ,プライム,
1318,6588,東芝テック（株）,プライム,
1319,6590,芝浦メカトロニクス（株）,プライム,
1320,6592,マブチモーター（株）,プライム,
1321,6594,ニデック（株）,プライム,
1322,6614,（株）シキノハイテック,スタンダード,
1323,6615,ユー・エム・シー・エレクトロニクス（株）,プライム,
1324,6617,（株）東光高岳,プライム,
1325,6619,ダブル・スコープ（株）,プライム,
1326,6620,宮越ホールディングス（株）,プライム,
1327,6622,（株）ダイヘン,プライム,
1328,6625,ＪＡＬＣＯホールディングス（株）,スタンダード,
1329,6629,テクノホライゾン（株）,スタンダード,
1330,6630,ヤーマン（株）,プライム,
1331,6632,（株）ＪＶＣケンウッド,プライム,
1332,6633,（株）ＣＧＳホールディングス,スタンダード,
1333,6634,（株）ＪＮグループ,スタンダード,
1334,6635,（株）大日光・エンジニアリング,スタンダード,
1335,6638,（株）ミマキエンジニアリング,プライム,
1336,6643,（株）戸上電機製作所,スタンダード,
1337,6644,大崎電気工業（株）,プライム,
1338,6645,オムロン（株）,プライム,
1339,6651,日東工業（株）,プライム,
1340,6652,ＩＤＥＣ（株）,プライム,
1341,6653,（株）正興電機製作所,プライム,
1342,6654,不二電機工業（株）,スタンダード,
1343,6656,インスペック（株）,スタンダード,
1344,6659,（株）メディアリンクス,スタンダード,
1345,6664,（株）オプトエレクトロニクス,スタンダード,
1346,6674,（株）ジーエス・ユアサ　コーポレーション,プライム,
1347,6675,サクサ（株）,スタンダード,
1348,6676,（株）ＢＵＦＦＡＬＯ,スタンダード,
1349,6701,日本電気（株）,プライム,
1350,6702,富士通（株）,プライム,
1351,6703,沖電気工業（株）,プライム,
1352,6706,電気興業（株）,プライム,
1353,6707,サンケン電気（株）,プライム,
1354,6718,アイホン（株）,プライム,
1355,6723,ルネサスエレクトロニクス（株）,プライム,
1356,6724,セイコーエプソン（株）,プライム,
1357,6727,（株）ワコム,プライム,
1358,6728,（株）アルバック,プライム,
1359,6730,（株）アクセル,スタンダード,
1360,6736,サン電子（株）,スタンダード,
1361,6737,ＥＩＺＯ（株）,プライム,
1362,6740,（株）ジャパンディスプレイ,プライム,
1363,6741,日本信号（株）,プライム,
1364,6742,（株）京三製作所,プライム,
1365,6744,能美防災（株）,プライム,
1366,6745,ホーチキ（株）,プライム,
1367,6748,星和電機（株）,スタンダード,
1368,6750,エレコム（株）,プライム,
1369,6752,パナソニック　ホールディングス（株）,プライム,
1370,6753,シャープ（株）,プライム,
1371,6754,アンリツ（株）,プライム,
1372,6758,ソニーグループ（株）,プライム,
1373,6762,ＴＤＫ（株）,プライム,
1374,6763,帝国通信工業（株）,プライム,
1375,6768,（株）タムラ製作所,プライム,
1376,6770,アルプスアルパイン（株）,プライム,
1377,6771,池上通信機（株）,スタンダード,
1378,6778,（株）アルチザネットワークス,スタンダード,
1379,6785,（株）鈴木,プライム,
1380,6787,（株）メイコー,プライム,
1381,6788,（株）日本トリム,プライム,
1382,6794,フォスター電機（株）,プライム,
1383,6798,ＳＭＫ（株）,プライム,
1384,6800,（株）ヨコオ,プライム,
1385,6803,ティアック（株）,スタンダード,
1386,6804,ホシデン（株）,プライム,
1387,6806,ヒロセ電機（株）,プライム,
1388,6807,日本航空電子工業（株）,プライム,
1389,6809,ＴＯＡ（株）,プライム,
1390,6810,マクセル（株）,プライム,
1391,6814,古野電気（株）,プライム,
1392,6817,スミダコーポレーション（株）,プライム,
1393,6820,アイコム（株）,プライム,
1394,6823,リオン（株）,プライム,
1395,6834,（株）精工技研,スタンダード,
1396,6841,横河電機（株）,プライム,
1397,6844,新電元工業（株）,プライム,
1398,6845,アズビル（株）,プライム,
1399,6848,東亜ディーケーケー（株）,スタンダード,
1400,6849,日本光電工業（株）,プライム,
1401,6850,（株）チノー,プライム,
1402,6853,（株）共和電業,スタンダード,
1403,6855,日本電子材料（株）,スタンダード,
1404,6856,（株）堀場製作所,プライム,
1405,6857,（株）アドバンテスト,プライム,
1406,6859,エスペック（株）,プライム,
1407,6861,（株）キーエンス,プライム,
1408,6866,日置電機（株）,プライム,
1409,6869,シスメックス（株）,プライム,
1410,6871,（株）日本マイクロニクス,プライム,
1411,6874,協立電機（株）,スタンダード,
1412,6875,（株）メガチップス,プライム,
1413,6877,ＯＢＡＲＡ　ＧＲＯＵＰ（株）,スタンダード,
1414,6882,（株）三社電機製作所,スタンダード,
1415,6888,アクモス（株）,スタンダード,
1416,6890,（株）フェローテック,スタンダード,
1417,6902,（株）デンソー,プライム,
1418,6905,コーセル（株）,プライム,
1419,6908,イリソ電子工業（株）,プライム,
1420,6914,オプテックスグループ（株）,プライム,
1421,6915,千代田インテグレ（株）,スタンダード,
1422,6919,ケル（株）,スタンダード,
1423,6920,レーザーテック（株）,プライム,
1424,6923,スタンレー電気（株）,プライム,
1425,6925,ウシオ電機（株）,プライム,
1426,6926,岡谷電機産業（株）,スタンダード,
1427,6929,日本セラミック（株）,プライム,
1428,6932,（株）遠藤照明,スタンダード,
1429,6941,山一電機（株）,プライム,
1430,6947,（株）図研,プライム,
1431,6951,日本電子（株）,プライム,
1432,6952,カシオ計算機（株）,プライム,
1433,6954,ファナック（株）,プライム,
1434,6958,日本シイエムケイ（株）,プライム,
1435,6960,フクダ電子（株）,スタンダード,
1436,6961,（株）エンプラス,プライム,
1437,6962,（株）大真空,プライム,
1438,6963,ローム（株）,プライム,
1439,6965,浜松ホトニクス（株）,プライム,
1440,6966,（株）三井ハイテック,プライム,
1441,6969,松尾電機（株）,スタンダード,
1442,6971,京セラ（株）,プライム,
1443,6976,太陽誘電（株）,プライム,
1444,6981,（株）村田製作所,プライム,
1445,6986,双葉電子工業（株）,プライム,
1446,6988,日東電工（株）,プライム,
1447,6989,北陸電気工業（株）,スタンダード,
1448,6993,大黒屋ホールディングス（株）,スタンダード,
1449,6994,（株）指月電機製作所,スタンダード,
1450,6995,（株）東海理化電機製作所,プライム,
1451,6996,ニチコン（株）,プライム,
1452,6997,日本ケミコン（株）,プライム,
1453,6998,日本タングステン（株）,スタンダード,
1454,6999,ＫＯＡ（株）,プライム,
1455,7003,（株）三井Ｅ＆Ｓ,プライム,
1456,7004,カナデビア（株）,プライム,
1457,7011,三菱重工業（株）,プライム,
1458,7012,川崎重工業（株）,プライム,
1459,7013,（株）ＩＨＩ,プライム,
1460,7014,（株）名村造船所,スタンダード,
1461,7022,サノヤスホールディングス（株）,スタンダード,
1462,7030,（株）スプリックス,スタンダード,
1463,7033,（株）マネジメントソリューションズ,プライム,
1464,7035,ａｎｄ　ｆａｃｔｏｒｙ（株）,スタンダード,
1465,7039,ブリッジインターナショナルグループ（株）,グロース,
1466,7047,ポート（株）,グロース,
1467,7048,ベルトラ（株）,グロース,
1468,7049,（株）識学,グロース,
1469,7059,（株）コプロ・ホールディングス,プライム,
1470,7060,ギークス（株）,スタンダード,
1471,7061,日本ホスピスホールディングス（株）,グロース,
1472,7065,ユーピーアール（株）,スタンダード,
1473,7068,フィードフォースグループ（株）,グロース,
1474,7071,（株）アンビスホールディングス,プライム,
1475,7085,（株）カーブスホールディングス,プライム,
1476,7087,（株）ウイルテック,スタンダード,
1477,7094,（株）ＮｅｘＴｏｎｅ,グロース,
1478,7096,（株）ステムセル研究所,グロース,
1479,7102,日本車輌製造（株）,プライム,
1480,7110,（株）クラシコム,グロース,
1481,7119,（株）ハルメクホールディングス,グロース,
1482,7122,近畿車輛（株）,スタンダード,
1483,7128,ユニソルホールディングス（株）,プライム,
1484,7130,ヤマエグループホールディングス（株）,プライム,
1485,7134,（株）アップガレージグループ,スタンダード,
1486,7135,ジャパンクラフトホールディングス（株）,スタンダード,
1487,7148,（株）ＦＰＧ,プライム,
1488,7150,（株）島根銀行,スタンダード,
1489,7157,ライフネット生命保険（株）,プライム,
1490,7161,（株）じもとホールディングス,スタンダード,
1491,7164,全国保証（株）,プライム,
1492,7167,（株）めぶきフィナンシャルグループ,プライム,
1493,7172,（株）ジャパンインベストメントアドバイザー,プライム,
1494,7173,（株）東京きらぼしフィナンシャルグループ,プライム,
1495,7180,（株）九州フィナンシャルグループ,プライム,
1496,7181,（株）かんぽ生命保険,プライム,
1497,7182,（株）ゆうちょ銀行,プライム,
1498,7183,あんしん保証（株）,スタンダード,
1499,7184,（株）富山第一銀行,プライム,
1500,7186,（株）横浜フィナンシャルグループ,プライム,
1501,7187,ジェイリース（株）,プライム,
1502,7189,（株）西日本フィナンシャルホールディングス,プライム,
1503,7191,（株）イントラスト,スタンダード,
1504,7192,日本モーゲージサービス（株）,スタンダード,
1505,7198,ＳＢＩアルヒ（株）,プライム,
1506,7199,プレミアグループ（株）,プライム,
1507,7201,日産自動車（株）,プライム,
1508,7202,いすゞ自動車（株）,プライム,
1509,7203,トヨタ自動車（株）,プライム,
1510,7211,三菱自動車工業（株）,プライム,
1511,7212,（株）エフテック,スタンダード,
1512,7213,レシップホールディングス（株）,スタンダード,
1513,7214,ＧＭＢ（株）,スタンダード,
1514,7220,武蔵精密工業（株）,プライム,
1515,7222,日産車体（株）,スタンダード,
1516,7224,新明和工業（株）,プライム,
1517,7226,極東開発工業（株）,プライム,
1518,7231,トピー工業（株）,プライム,
1519,7236,（株）ティラド,プライム,
1520,7238,曙ブレーキ工業（株）,プライム,
1521,7239,（株）タチエス,プライム,
1522,7240,ＮＯＫ（株）,プライム,
1523,7241,フタバ産業（株）,プライム,
1524,7242,カヤバ（株）,プライム,
1525,7244,市光工業（株）,プライム,
1526,7245,大同メタル工業（株）,プライム,
1527,7246,プレス工業（株）,プライム,
1528,7256,河西工業（株）,スタンダード,
1529,7259,（株）アイシン,プライム,
1530,7261,マツダ（株）,プライム,
1531,7266,（株）今仙電機製作所,スタンダード,
1532,7267,本田技研工業（株）,プライム,
1533,7269,スズキ（株）,プライム,
1534,7270,（株）ＳＵＢＡＲＵ,プライム,
1535,7272,ヤマハ発動機（株）,プライム,
1536,7276,（株）小糸製作所,プライム,
1537,7277,（株）ＴＢＫ,スタンダード,
1538,7278,（株）エクセディ,プライム,
1539,7279,（株）ハイレックスコーポレーション,スタンダード,
1540,7280,（株）ミツバ,プライム,
1541,7282,豊田合成（株）,プライム,
1542,7283,愛三工業（株）,プライム,
1543,7287,日本精機（株）,スタンダード,
1544,7291,日本プラスト（株）,スタンダード,
1545,7294,（株）ヨロズ,プライム,
1546,7296,（株）エフ・シー・シー,プライム,
1547,7305,新家工業（株）,スタンダード,
1548,7309,（株）シマノ,プライム,
1549,7313,テイ・エス　テック（株）,プライム,
1550,7317,（株）松屋アールアンドディ,グロース,
1551,7322,（株）三十三フィナンシャルグループ,プライム,
1552,7327,（株）第四北越フィナンシャルグループ,プライム,
1553,7337,（株）ひろぎんホールディングス,プライム,
1554,7347,（株）マーキュリアホールディングス,プライム,
1555,7350,（株）おきなわフィナンシャルグループ,プライム,
1556,7354,（株）ダイレクトマーケティングミックス,スタンダード,
1557,7356,Ｒｅｔｔｙ（株）,グロース,
1558,7366,（株）ＬＩＴＡＬＩＣＯ,プライム,
1559,7368,表示灯（株）,スタンダード,
1560,7370,（株）Ｅｎｊｉｎ,グロース,
1561,7371,Ｚｅｎｋｅｎ（株）,グロース,
1562,7372,（株）デコルテ・ホールディングス,グロース,
1563,7373,（株）アイドマ・ホールディングス,グロース,
1564,7378,（株）アシロ,グロース,
1565,7380,（株）十六フィナンシャルグループ,プライム,
1566,7381,（株）ＣＣＩグループ,プライム,
1567,7383,（株）ネットプロテクションズホールディングス,プライム,
1568,7384,（株）プロクレアホールディングス,プライム,
1569,7388,（株）ＦＰパートナー,プライム,
1570,7389,（株）あいちフィナンシャルグループ,プライム,
1571,7412,（株）アトム,スタンダード,
1572,7414,小野建（株）,プライム,
1573,7416,（株）はるやまホールディングス,スタンダード,
1574,7417,（株）南陽,スタンダード,
1575,7419,（株）ノジマ,プライム,
1576,7421,カッパ・クリエイト（株）,プライム,
1577,7427,エコートレーディング（株）,スタンダード,
1578,7433,伯東（株）,プライム,
1579,7438,コンドーテック（株）,プライム,
1580,7442,中山福（株）,スタンダード,
1581,7443,横浜魚類（株）,スタンダード,
1582,7447,ナガイレーベン（株）,プライム,
1583,7453,（株）良品計画,プライム,
1584,7456,松田産業（株）,プライム,
1585,7458,（株）第一興商,プライム,
1586,7459,（株）メディパルホールディングス,プライム,
1587,7460,（株）ヤギ,スタンダード,
1588,7463,（株）アドヴァングループ,スタンダード,
1589,7466,ＳＰＫ（株）,プライム,
1590,7472,（株）鳥羽洋行,スタンダード,
1591,7475,アルビス（株）,プライム,
1592,7476,アズワン（株）,プライム,
1593,7480,スズデン（株）,スタンダード,
1594,7482,（株）シモジマ,プライム,
1595,7483,（株）ドウシシャ,プライム,
1596,7487,小津産業（株）,スタンダード,
1597,7494,（株）コナカ,スタンダード,
1598,7504,（株）高速,プライム,
1599,7506,（株）ハウス　オブ　ローゼ,スタンダード,
1600,7508,（株）Ｇ‐７ホールディングス,プライム,
1601,7510,（株）たけびし,プライム,
1602,7512,イオン北海道（株）,スタンダード,
1603,7513,（株）コジマ,プライム,
1604,7516,コーナン商事（株）,プライム,
1605,7522,ワタミ（株）,プライム,
1606,7523,アールビバン（株）,スタンダード,
1607,7524,マルシェ（株）,スタンダード,
1608,7525,リックス（株）,プライム,
1609,7532,（株）パン・パシフィック・インターナショナルホールディングス,プライム,
1610,7537,丸文（株）,プライム,
1611,7538,（株）大水,スタンダード,
1612,7539,（株）アイナボホールディングス,スタンダード,
1613,7544,（株）スリーエフ,スタンダード,
1614,7545,（株）西松屋チェーン,プライム,
1615,7550,（株）ゼンショーホールディングス,プライム,
1616,7551,（株）ウェッズ,スタンダード,
1617,7552,（株）ハピネット,プライム,
1618,7554,（株）幸楽苑,プライム,
1619,7561,（株）ハークスレイ,スタンダード,
1620,7564,（株）ワークマン,スタンダード,
1621,7570,橋本総業ホールディングス（株）,スタンダード,
1622,7571,（株）ヤマノホールディングス,スタンダード,
1623,7575,日本ライフライン（株）,プライム,
1624,7581,（株）サイゼリヤ,プライム,
1625,7593,ＶＴホールディングス（株）,プライム,
1626,7595,（株）アルゴグラフィックス,プライム,
1627,7599,（株）ＩＤＯＭ,プライム,
1628,7600,（株）日本エム・ディ・エム,プライム,
1629,7602,（株）レダックス,スタンダード,
1630,7603,ジーイエット（株）,スタンダード,
1631,7606,（株）ユナイテッドアローズ,プライム,
1632,7607,（株）進和,プライム,
1633,7608,（株）エスケイジャパン,スタンダード,
1634,7609,ダイトロン（株）,プライム,
1635,7610,（株）テイツー,スタンダード,
1636,7611,（株）ハイデイ日高,プライム,
1637,7613,シークス（株）,プライム,
1638,7615,（株）京都きもの友禅ホールディングス,スタンダード,
1639,7616,（株）コロワイド,プライム,
1640,7619,田中商事（株）,スタンダード,
1641,7625,（株）グローバルダイニング,スタンダード,
1642,7628,（株）オーハシテクニカ,プライム,
1643,7630,（株）壱番屋,プライム,
1644,7637,白銅（株）,プライム,
1645,7638,（株）ＮＥＷ　ＡＲＴ　ＨＯＬＤＩＮＧＳ,スタンダード,
1646,7640,（株）トップカルチャー,スタンダード,
1647,7649,スギホールディングス（株）,プライム,
1648,7678,（株）あさくま,スタンダード,
1649,7679,（株）薬王堂ホールディングス,プライム,
1650,7686,（株）ひとまいる,スタンダード,
1651,7701,（株）島津製作所,プライム,
1652,7702,（株）ＪＭＳ,スタンダード,
1653,7707,プレシジョン・システム・サイエンス（株）,グロース,
1654,7715,長野計器（株）,プライム,
1655,7716,（株）ナカニシ,スタンダード,
1656,7717,（株）ブイ・テクノロジー,プライム,
1657,7721,東京計器（株）,プライム,
1658,7723,愛知時計電機（株）,プライム,
1659,7725,（株）インターアクション,プライム,
1660,7726,黒田精工（株）,スタンダード,
1661,7727,（株）オーバル,スタンダード,
1662,7729,（株）東京精密,プライム,
1663,7730,マニー（株）,プライム,
1664,7731,（株）ニコン,プライム,
1665,7733,オリンパス（株）,プライム,
1666,7734,理研計器（株）,プライム,
1667,7735,（株）ＳＣＲＥＥＮホールディングス,プライム,
1668,7740,（株）タムロン,プライム,
1669,7741,ＨＯＹＡ（株）,プライム,
1670,7743,（株）シード,スタンダード,
1671,7744,ノーリツ鋼機（株）,プライム,
1672,7745,（株）Ａ＆Ｄホロンホールディングス,プライム,
1673,7746,岡本硝子（株）,スタンダード,
1674,7747,朝日インテック（株）,プライム,
1675,7751,キヤノン（株）,プライム,
1676,7752,（株）リコー,プライム,
1677,7762,シチズン時計（株）,プライム,
1678,7769,リズム（株）,プライム,
1679,7774,（株）ジャパン・ティッシュエンジニアリング,グロース,
1680,7779,ＣＹＢＥＲＤＹＮＥ（株）,グロース,
1681,7780,（株）メニコン,プライム,
1682,7782,（株）シンシア,スタンダード,
1683,7795,（株）ＫＹＯＲＩＴＳＵ,スタンダード,
1684,7803,（株）ブシロード,グロース,
1685,7805,プリントネット（株）,スタンダード,
1686,7806,（株）ＭＴＧ,グロース,
1687,7810,（株）クロスフォー,スタンダード,
1688,7811,中本パックス（株）,スタンダード,
1689,7812,（株）クレステック,スタンダード,
1690,7814,（株）日本創発グループ,スタンダード,
1691,7818,（株）トランザクション,プライム,
1692,7819,粧美堂（株）,スタンダード,
1693,7820,ニホンフラッシュ（株）,プライム,
1694,7821,前田工繊（株）,プライム,
1695,7822,永大産業（株）,スタンダード,
1696,7823,（株）アートネイチャー,スタンダード,
1697,7826,（株）フルヤ金属,プライム,
1698,7832,（株）バンダイナムコホールディングス,プライム,
1699,7833,（株）アイフィスジャパン,スタンダード,
1700,7837,（株）アールシーコア,スタンダード,
1701,7839,（株）ＳＨＯＥＩ,プライム,
1702,7840,フランスベッドホールディングス（株）,プライム,
1703,7844,（株）マーベラス,プライム,
1704,7846,（株）パイロットコーポレーション,プライム,
1705,7856,萩原工業（株）,プライム,
1706,7859,（株）アルメディオ,スタンダード,
1707,7860,エイベックス（株）,プライム,
1708,7864,（株）フジシールインターナショナル,プライム,
1709,7867,（株）タカラトミー,プライム,
1710,7868,（株）広済堂ホールディングス,プライム,
1711,7874,レック（株）,プライム,
1712,7879,（株）ノダ,スタンダード,
1713,7885,タカノ（株）,スタンダード,
1714,7888,三光合成（株）,プライム,
1715,7893,（株）プロネクサス,プライム,
1716,7897,ホクシン（株）,スタンダード,
1717,7898,（株）ウッドワン,スタンダード,
1718,7906,ヨネックス（株）,スタンダード,
1719,7911,ＴＯＰＰＡＮホールディングス（株）,プライム,
1720,7912,大日本印刷（株）,プライム,
1721,7914,共同印刷（株）,プライム,
1722,7915,ＮＩＳＳＨＡ（株）,プライム,
1723,7916,光村印刷（株）,スタンダード,
1724,7917,ＺＡＣＲＯＳ（株）,プライム,
1725,7919,野崎印刷紙業（株）,スタンダード,
1726,7921,（株）ＴＡＫＡＲＡ　＆　ＣＯＭＰＡＮＹ,プライム,
1727,7927,ムトー精工（株）,スタンダード,
1728,7931,未来工業（株）,プライム,
1729,7936,（株）アシックス,プライム,
1730,7937,（株）ツツミ,スタンダード,
1731,7942,（株）ＪＳＰ,プライム,
1732,7943,ニチハ（株）,プライム,
1733,7944,ローランド（株）,プライム,
1734,7947,（株）エフピコ,プライム,
1735,7949,小松ウオール工業（株）,プライム,
1736,7951,ヤマハ（株）,プライム,
1737,7952,（株）河合楽器製作所,プライム,
1738,7955,クリナップ（株）,プライム,
1739,7956,ピジョン（株）,プライム,
1740,7962,（株）キングジム,プライム,
1741,7963,興研（株）,スタンダード,
1742,7965,象印マホービン（株）,プライム,
1743,7966,リンテック（株）,プライム,
1744,7970,信越ポリマー（株）,プライム,
1745,7971,東リ（株）,スタンダード,
1746,7972,（株）イトーキ,プライム,
1747,7974,任天堂（株）,プライム,
1748,7975,（株）リヒトラブ,スタンダード,
1749,7976,三菱鉛筆（株）,プライム,
1750,7979,（株）松風,プライム,
1751,7981,タカラスタンダード（株）,プライム,
1752,7984,コクヨ（株）,プライム,
1753,7987,ナカバヤシ（株）,スタンダード,
1754,7988,（株）ニフコ,プライム,
1755,7989,立川ブラインド工業（株）,プライム,
1756,7990,グローブライド（株）,プライム,
1757,7991,マミヤ・オーピー（株）,スタンダード,
1758,7994,（株）オカムラ,プライム,
1759,7995,（株）バルカー,プライム,
1760,8001,伊藤忠商事（株）,プライム,
1761,8002,丸紅（株）,プライム,
1762,8005,（株）スクロール,プライム,
1763,8006,ユアサ・フナショク（株）,スタンダード,
1764,8007,高島（株）,プライム,
1765,8008,（株）ヨンドシーホールディングス,プライム,
1766,8011,（株）三陽商会,プライム,
1767,8012,長瀬産業（株）,プライム,
1768,8013,（株）ナイガイ,スタンダード,
1769,8014,蝶理（株）,プライム,
1770,8015,豊田通商（株）,プライム,
1771,8016,（株）オンワードホールディングス,プライム,
1772,8018,三共生興（株）,スタンダード,
1773,8020,兼松（株）,プライム,
1774,8022,美津濃（株）,プライム,
1775,8023,ＤＡＩＫＯ　ＸＴＥＣＨ（株）,スタンダード,
1776,8029,（株）ルックホールディングス,スタンダード,
1777,8030,中央魚類（株）,スタンダード,
1778,8031,三井物産（株）,プライム,
1779,8032,日本紙パルプ商事（株）,プライム,
1780,8035,東京エレクトロン（株）,プライム,
1781,8037,カメイ（株）,プライム,
1782,8039,築地魚市場（株）,スタンダード,
1783,8041,ＯＵＧホールディングス（株）,スタンダード,
1784,8043,スターゼン（株）,プライム,
1785,8046,丸藤シートパイル（株）,スタンダード,
1786,8050,セイコーグループ（株）,プライム,
1787,8051,（株）山善,プライム,
1788,8052,椿本興業（株）,プライム,
1789,8053,住友商事（株）,プライム,
1790,8056,ＢＩＰＲＯＧＹ（株）,プライム,
1791,8057,（株）内田洋行,プライム,
1792,8058,三菱商事（株）,プライム,
1793,8059,第一実業（株）,プライム,
1794,8060,キヤノンマーケティングジャパン（株）,プライム,
1795,8061,西華産業（株）,プライム,
1796,8065,佐藤商事（株）,プライム,
1797,8066,三谷商事（株）,スタンダード,
1798,8070,東京産業（株）,プライム,
1799,8074,（株）ＹＵＡＳＡ,プライム,
1800,8075,神鋼商事（株）,プライム,
1801,8076,（株）カノークス,スタンダード,
1802,8077,トルク（株）,スタンダード,
1803,8078,阪和興業（株）,プライム,
1804,8079,正栄食品工業（株）,プライム,
1805,8084,（株）ＲＹＯＤＥＮ,プライム,
1806,8086,ニプロ（株）,プライム,
1807,8088,岩谷産業（株）,プライム,
1808,8089,ナイス（株）,スタンダード,
1809,8091,ニチモウ（株）,プライム,
1810,8093,極東貿易（株）,プライム,
1811,8095,アステナホールディングス（株）,プライム,
1812,8097,三愛オブリ（株）,プライム,
1813,8098,稲畑産業（株）,プライム,
1814,8101,（株）ＧＳＩクレオス,プライム,
1815,8103,明和産業（株）,プライム,
1816,8107,（株）キムラタン,スタンダード,
1817,8111,（株）ゴールドウイン,プライム,
1818,8113,ユニ・チャーム（株）,プライム,
1819,8115,ムーンバット（株）,スタンダード,
1820,8117,中央自動車工業（株）,スタンダード,
1821,8118,（株）キング,スタンダード,
1822,8125,（株）ワキタ,プライム,
1823,8127,ヤマトインターナショナル（株）,スタンダード,
1824,8129,東邦ホールディングス（株）,プライム,
1825,8130,（株）サンゲツ,プライム,
1826,8131,（株）ミツウロコグループホールディングス,スタンダード,
1827,8132,シナネンホールディングス（株）,プライム,
1828,8133,伊藤忠エネクス（株）,プライム,
1829,8136,（株）サンリオ,プライム,
1830,8137,サンワテクノス（株）,プライム,
1831,8139,（株）ナガホリ,スタンダード,
1832,8141,新光商事（株）,プライム,
1833,8142,（株）トーホー,プライム,
1834,8150,三信電気（株）,プライム,
1835,8151,（株）東陽テクニカ,プライム,
1836,8153,（株）モスフードサービス,プライム,
1837,8154,加賀電子（株）,プライム,
1838,8157,都築電気（株）,プライム,
1839,8158,ソーダニッカ（株）,プライム,
1840,8159,（株）立花エレテック,プライム,
1841,8160,（株）木曽路,プライム,
1842,8163,ＳＲＳホールディングス（株）,プライム,
1843,8165,（株）千趣会,スタンダード,
1844,8167,（株）リテールパートナーズ,プライム,
1845,8173,（株）Ｊｏｓｈｉｎ,プライム,
1846,8174,日本瓦斯（株）,プライム,
1847,8179,ロイヤルホールディングス（株）,プライム,
1848,8185,（株）チヨダ,プライム,
1849,8194,（株）ライフコーポレーション,プライム,
1850,8200,（株）リンガーハット,プライム,
1851,8202,ラオックスホールディングス（株）,スタンダード,
1852,8203,（株）ＭｒＭａｘＨＤ,プライム,
1853,8214,（株）ＡＯＫＩホールディングス,プライム,
1854,8217,（株）オークワ,プライム,
1855,8218,（株）コメリ,プライム,
1856,8219,青山商事（株）,プライム,
1857,8227,（株）しまむら,プライム,
1858,8230,（株）はせがわ,スタンダード,
1859,8233,（株）高島屋,プライム,
1860,8237,（株）松屋,プライム,
1861,8242,エイチ・ツー・オー　リテイリング（株）,プライム,
1862,8244,（株）近鉄百貨店,スタンダード,
1863,8252,（株）丸井グループ,プライム,
1864,8253,（株）クレディセゾン,プライム,
1865,8254,（株）さいか屋,スタンダード,
1866,8255,アクシアル　リテイリング（株）,プライム,
1867,8260,（株）井筒屋,スタンダード,
1868,8267,イオン（株）,プライム,
1869,8273,（株）イズミ,プライム,
1870,8275,（株）フォーバル,スタンダード,
1871,8276,（株）平和堂,プライム,
1872,8278,（株）フジ,プライム,
1873,8281,ゼビオホールディングス（株）,プライム,
1874,8282,（株）ケーズホールディングス,プライム,
1875,8283,（株）ＰＡＬＴＡＣ,プライム,
1876,8285,三谷産業（株）,スタンダード,
1877,8289,（株）Ｏｌｙｍｐｉｃグループ,スタンダード,
1878,8291,日産東京販売ホールディングス（株）,スタンダード,
1879,8304,（株）あおぞら銀行,プライム,
1880,8306,（株）三菱ＵＦＪフィナンシャル・グループ,プライム,
1881,8308,（株）りそなホールディングス,プライム,
1882,8309,三井住友トラストグループ（株）,プライム,
1883,8316,（株）三井住友フィナンシャルグループ,プライム,
1884,8331,（株）千葉銀行,プライム,
1885,8334,（株）群馬銀行,プライム,
1886,8336,（株）武蔵野銀行,プライム,
1887,8337,（株）千葉興業銀行,プライム,
1888,8338,（株）筑波銀行,プライム,
1889,8341,（株）七十七銀行,プライム,
1890,8343,（株）秋田銀行,プライム,
1891,8344,（株）山形銀行,プライム,
1892,8345,（株）岩手銀行,プライム,
1893,8346,（株）東邦銀行,プライム,
1894,8349,（株）東北銀行,スタンダード,
1895,8354,（株）ふくおかフィナンシャルグループ,プライム,
1896,8358,スルガ銀行（株）,プライム,
1897,8359,（株）八十二長野銀行,プライム,
1898,8360,（株）山梨中央銀行,プライム,
1899,8361,（株）大垣共立銀行,プライム,
1900,8362,（株）福井銀行,プライム,
1901,8364,（株）清水銀行,プライム,
1902,8365,（株）富山銀行,スタンダード,
1903,8366,（株）滋賀銀行,プライム,
1904,8367,（株）南都銀行,プライム,
1905,8368,（株）百五銀行,プライム,
1906,8370,（株）紀陽銀行,プライム,
1907,8377,（株）ほくほくフィナンシャルグループ,プライム,
1908,8381,（株）山陰合同銀行,プライム,
1909,8383,（株）鳥取銀行,スタンダード,
1910,8386,（株）百十四銀行,プライム,
1911,8387,（株）四国銀行,プライム,
1912,8388,（株）阿波銀行,プライム,
1913,8392,（株）大分銀行,プライム,
1914,8393,（株）宮崎銀行,プライム,
1915,8395,（株）佐賀銀行,プライム,
1916,8399,（株）琉球銀行,プライム,
1917,8410,（株）セブン銀行,プライム,
1918,8411,（株）みずほフィナンシャルグループ,プライム,
1919,8416,（株）高知銀行,スタンダード,
1920,8418,（株）山口フィナンシャルグループ,プライム,
1921,8424,芙蓉総合リース（株）,プライム,
1922,8425,みずほリース（株）,プライム,
1923,8439,東京センチュリー（株）,プライム,
1924,8473,ＳＢＩホールディングス（株）,プライム,
1925,8508,Ｊトラスト（株）,スタンダード,
1926,8511,日本証券金融（株）,プライム,
1927,8522,（株）名古屋銀行,プライム,
1928,8524,（株）北洋銀行,プライム,
1929,8537,（株）大光銀行,スタンダード,
1930,8541,（株）愛媛銀行,プライム,
1931,8542,（株）トマト銀行,スタンダード,
1932,8544,（株）京葉銀行,プライム,
1933,8550,（株）栃木銀行,プライム,
1934,8551,（株）北日本銀行,プライム,
1935,8558,（株）東和銀行,プライム,
1936,8562,（株）福島銀行,スタンダード,
1937,8563,（株）大東銀行,スタンダード,
1938,8566,リコーリース（株）,プライム,
1939,8570,イオンフィナンシャルサービス（株）,プライム,
1940,8572,アコム（株）,スタンダード,
1941,8584,（株）ジャックス,プライム,
1942,8585,（株）オリエントコーポレーション,プライム,
1943,8591,オリックス（株）,プライム,
1944,8593,三菱ＨＣキャピタル（株）,プライム,
1945,8595,ジャフコ　グループ（株）,プライム,
1946,8596,（株）九州リースサービス,スタンダード,
1947,8600,トモニホールディングス（株）,プライム,
1948,8601,（株）大和証券グループ本社,プライム,
1949,8604,野村ホールディングス（株）,プライム,
1950,8609,（株）岡三証券グループ,プライム,
1951,8613,丸三証券（株）,プライム,
1952,8614,東洋証券（株）,プライム,
1953,8616,東海東京フィナンシャル・ホールディングス（株）,プライム,
1954,8617,光世証券（株）,スタンダード,
1955,8622,水戸証券（株）,プライム,
1956,8624,いちよし証券（株）,プライム,
1957,8628,松井証券（株）,プライム,
1958,8630,ＳＯＭＰＯホールディングス（株）,プライム,
1959,8697,（株）日本取引所グループ,プライム,
1960,8698,マネックスグループ（株）,プライム,
1961,8699,ＨＳホールディングス（株）,スタンダード,
1962,8704,トレイダーズホールディングス（株）,スタンダード,
1963,8705,日産証券グループ（株）,スタンダード,
1964,8706,極東証券（株）,プライム,
1965,8707,岩井コスモホールディングス（株）,プライム,
1966,8708,アイザワ証券グループ（株）,プライム,
1967,8713,フィデアホールディングス（株）,プライム,
1968,8714,（株）池田泉州ホールディングス,プライム,
1969,8715,アニコム　ホールディングス（株）,プライム,
1970,8725,ＭＳ＆ＡＤインシュアランスグループホールディングス（株）,プライム,
1971,8729,ソニーフィナンシャルグループ（株）,プライム,
1972,8739,スパークス・グループ（株）,プライム,
1973,8742,（株）小林洋行,スタンダード,
1974,8750,（株）第一ライフグループ,プライム,
1975,8766,東京海上ホールディングス（株）,プライム,
1976,8769,（株）アドバンテッジリスクマネジメント,スタンダード,
1977,8771,イー・ギャランティ（株）,プライム,
1978,8789,フィンテック　グローバル（株）,スタンダード,
1979,8793,ＮＥＣキャピタルソリューション（株）,プライム,
1980,8795,（株）Ｔ＆Ｄホールディングス,プライム,
1981,8801,三井不動産（株）,プライム,
1982,8802,三菱地所（株）,プライム,
1983,8803,平和不動産（株）,プライム,
1984,8804,東京建物（株）,プライム,
1985,8818,京阪神ビルディング（株）,プライム,
1986,8830,住友不動産（株）,プライム,
1987,8835,太平洋興発（株）,スタンダード,
1988,8841,（株）テーオーシー,スタンダード,
1989,8844,（株）コスモスイニシア,スタンダード,
1990,8848,（株）レオパレス２１,プライム,
1991,8850,スターツコーポレーション（株）,プライム,
1992,8860,フジ住宅（株）,プライム,
1993,8869,明和地所（株）,スタンダード,
1994,8871,（株）ゴールドクレスト,スタンダード,
1995,8876,（株）リログループ,プライム,
1996,8877,エスリード（株）,プライム,
1997,8881,（株）日神グループホールディングス,プライム,
1998,8887,（株）シーラホールディングス,スタンダード,
1999,8892,（株）エスコン,プライム,
2000,8894,（株）ＲＥＶＯＬＵＴＩＯＮ,スタンダード,
2001,8897,ＭＩＲＡＲＴＨホールディングス（株）,プライム,
2002,8904,（株）ＡＶＡＮＴＩＡ,スタンダード,
2003,8908,（株）毎日コムネット,スタンダード,
2004,8912,（株）エリアクエスト,スタンダード,
2005,8914,エリアリンク（株）,スタンダード,
2006,8917,ファースト住建（株）,スタンダード,
2007,8919,（株）カチタス,プライム,
2008,8920,（株）東祥,スタンダード,
2009,8923,トーセイ（株）,プライム,
2010,8927,（株）明豊エンタープライズ,スタンダード,
2011,8928,穴吹興産（株）,スタンダード,
2012,8931,和田興産（株）,スタンダード,
2013,8934,サンフロンティア不動産（株）,プライム,
2014,8935,（株）ＦＪネクストホールディングス,プライム,
2015,8996,（株）ハウスフリーダム,スタンダード,
2016,8999,グランディハウス（株）,プライム,
2017,9001,東武鉄道（株）,プライム,
2018,9003,相鉄ホールディングス（株）,プライム,
2019,9005,東急（株）,プライム,
2020,9006,京浜急行電鉄（株）,プライム,
2021,9007,小田急電鉄（株）,プライム,
2022,9008,京王電鉄（株）,プライム,
2023,9009,京成電鉄（株）,プライム,
2024,9010,富士急行（株）,プライム,
2025,9020,東日本旅客鉄道（株）,プライム,
2026,9021,西日本旅客鉄道（株）,プライム,
2027,9022,東海旅客鉄道（株）,プライム,
2028,9023,東京地下鉄（株）,プライム,
2029,9024,（株）西武ホールディングス,プライム,
2030,9025,鴻池運輸（株）,プライム,
2031,9028,（株）ゼロ,スタンダード,
2032,9031,西日本鉄道（株）,プライム,
2033,9033,広島電鉄（株）,スタンダード,
2034,9037,（株）ハマキョウレックス,プライム,
2035,9039,（株）サカイ引越センター,プライム,
2036,9041,近鉄グループホールディングス（株）,プライム,
2037,9042,阪急阪神ホールディングス（株）,プライム,
2038,9044,（株）ＮＡＮＫＡＩ,プライム,
2039,9045,京阪ホールディングス（株）,プライム,
2040,9046,神戸電鉄（株）,スタンダード,
2041,9048,名古屋鉄道（株）,プライム,
2042,9052,山陽電気鉄道（株）,プライム,
2043,9059,カンダホールディングス（株）,スタンダード,
2044,9064,ヤマトホールディングス（株）,プライム,
2045,9065,山九（株）,プライム,
2046,9068,丸全昭和運輸（株）,プライム,
2047,9069,センコーグループホールディングス（株）,プライム,
2048,9072,ニッコンホールディングス（株）,プライム,
2049,9074,日本石油輸送（株）,スタンダード,
2050,9075,福山通運（株）,プライム,
2051,9076,セイノーホールディングス（株）,プライム,
2052,9081,神奈川中央交通（株）,プライム,
2053,9083,神姫バス（株）,スタンダード,
2054,9090,ＡＺ－ＣＯＭ丸和ホールディングス（株）,プライム,
2055,9101,日本郵船（株）,プライム,
2056,9104,（株）商船三井,プライム,
2057,9107,川崎汽船（株）,プライム,
2058,9110,ＮＳユナイテッド海運（株）,プライム,
2059,9119,飯野海運（株）,プライム,
2060,9130,共栄タンカー（株）,スタンダード,
2061,9142,九州旅客鉄道（株）,プライム,
2062,9143,ＳＧホールディングス（株）,プライム,
2063,9145,（株）ビーイングホールディングス,スタンダード,
2064,9147,ＮＩＰＰＯＮ　ＥＸＰＲＥＳＳホールディングス（株）,プライム,
2065,9158,（株）シーユーシー,グロース,
2066,9160,（株）オンザページ,スタンダード,
2067,9201,日本航空（株）,プライム,
2068,9202,ＡＮＡホールディングス（株）,プライム,
2069,9216,ビーウィズ（株）,プライム,
2070,9218,（株）メンタルヘルステクノロジーズ,グロース,
2071,9219,（株）ギックス,グロース,
2072,9227,マイクロ波化学（株）,グロース,
2073,9229,（株）サンウェルズ,プライム,
2074,9233,アジア航測（株）,スタンダード,
2075,9247,ＴＲＥホールディングス（株）,プライム,
2076,9262,（株）シルバーライフ,スタンダード,
2077,9264,ポエック（株）,スタンダード,
2078,9267,Ｇｅｎｋｙ　ＤｒｕｇＳｔｏｒｅｓ（株）,プライム,
2079,9268,（株）オプティマスグループ,スタンダード,
2080,9270,バリュエンスホールディングス（株）,グロース,
2081,9273,コーア商事ホールディングス（株）,プライム,
2082,9274,ＫＰＰグループホールディングス（株）,プライム,
2083,9278,ブックオフグループホールディングス（株）,プライム,
2084,9279,（株）ギフトホールディングス,プライム,
2085,9301,三菱倉庫（株）,プライム,
2086,9302,三井倉庫ホールディングス（株）,プライム,
2087,9303,（株）住友倉庫,プライム,
2088,9304,澁澤倉庫（株）,プライム,
2089,9305,（株）ヤマタネ,プライム,
2090,9306,東陽倉庫（株）,スタンダード,
2091,9307,（株）杉村倉庫,スタンダード,
2092,9308,乾汽船（株）,スタンダード,
2093,9310,日本トランスシティ（株）,プライム,
2094,9312,ケイヒン（株）,スタンダード,
2095,9319,（株）中央倉庫,プライム,
2096,9324,安田倉庫（株）,プライム,
2097,9332,ＮＩＳＳＯホールディングス（株）,プライム,
2098,9336,大栄環境（株）,プライム,
2099,9347,日本管財ホールディングス（株）,プライム,
2100,9351,東洋埠頭（株）,スタンダード,
2101,9364,（株）上組,プライム,
2102,9366,（株）サンリツ,スタンダード,
2103,9368,キムラユニティー（株）,スタンダード,
2104,9369,（株）キユーソー流通システム,スタンダード,
2105,9376,（株）ユーラシア旅行社,スタンダード,
2106,9380,東海運（株）,スタンダード,
2107,9385,（株）ショーエイコーポレーション,スタンダード,
2108,9401,（株）ＴＢＳホールディングス,プライム,
2109,9404,日本テレビホールディングス（株）,プライム,
2110,9405,朝日放送グループホールディングス（株）,プライム,
2111,9409,（株）テレビ朝日ホールディングス,プライム,
2112,9412,スカパーＪＳＡＴ（株）,プライム,
2113,9413,（株）テレビ東京ホールディングス,プライム,
2114,9414,日本ＢＳ放送（株）,スタンダード,
2115,9416,（株）ビジョン,プライム,
2116,9417,（株）スマートバリュー,スタンダード,
2117,9418,（株）Ｕ－ＮＥＸＴ　ＨＯＬＤＩＮＧＳ,プライム,
2118,9419,（株）ワイヤレスゲート,スタンダード,
2119,9423,（株）フォーバル・リアルストレート,スタンダード,
2120,9424,日本通信（株）,プライム,
2121,9428,（株）クロップス,スタンダード,
2122,9432,ＮＴＴ（株）,プライム,
2123,9433,ＫＤＤＩ（株）,プライム,
2124,9434,ソフトバンク（株）,プライム,
2125,9435,（株）光通信,プライム,
2126,9436,沖縄セルラー電話（株）,スタンダード,
2127,9438,（株）エムティーアイ,プライム,
2128,9439,（株）エム・エイチ・グループ,スタンダード,
2129,9441,（株）ベルパーク,スタンダード,
2130,9445,（株）フォーバルテレコム,スタンダード,
2131,9449,ＧＭＯインターネットグループ（株）,プライム,
2132,9450,（株）ファイバーゲート,スタンダード,
2133,9466,（株）アイドママーケティングコミュニケーション,スタンダード,
2134,9467,（株）アルファポリス,グロース,
2135,9468,（株）ＫＡＤＯＫＡＷＡ,プライム,
2136,9470,（株）学研ホールディングス,プライム,
2137,9474,（株）ゼンリン,プライム,
2138,9475,（株）昭文社ホールディングス,スタンダード,
2139,9501,東京電力ホールディングス（株）,プライム,
2140,9502,中部電力（株）,プライム,
2141,9503,関西電力（株）,プライム,
2142,9504,中国電力（株）,プライム,
2143,9505,北陸電力（株）,プライム,
2144,9506,東北電力（株）,プライム,
2145,9507,四国電力（株）,プライム,
2146,9508,九州電力（株）,プライム,
2147,9509,北海道電力（株）,プライム,
2148,9511,沖縄電力（株）,プライム,
2149,9513,電源開発（株）,プライム,
2150,9517,イーレックス（株）,プライム,
2151,9519,（株）レノバ,プライム,
2152,9531,東京瓦斯（株）,プライム,
2153,9532,大阪瓦斯（株）,プライム,
2154,9533,東邦瓦斯（株）,プライム,
2155,9534,北海道瓦斯（株）,プライム,
2156,9535,広島ガス（株）,プライム,
2157,9536,西部ガスホールディングス（株）,プライム,
2158,9539,京葉瓦斯（株）,スタンダード,
2159,9543,静岡ガス（株）,プライム,
2160,9551,メタウォーター（株）,プライム,
2161,9552,（株）クオンツ総研ホールディングス,プライム,
2162,9553,（株）マイクロアド,グロース,
2163,9560,（株）プログリット,グロース,
2164,9601,松竹（株）,プライム,
2165,9602,東宝（株）,プライム,
2166,9603,（株）エイチ・アイ・エス,プライム,
2167,9605,東映（株）,プライム,
2168,9610,ウィルソン・ラーニング　ワールドワイド（株）,スタンダード,
2169,9616,（株）共立メンテナンス,プライム,
2170,9619,（株）イチネンホールディングス,プライム,
2171,9621,（株）建設技術研究所,プライム,
2172,9622,（株）スペース,プライム,
2173,9627,（株）アインホールディングス,プライム,
2174,9628,燦ホールディングス（株）,プライム,
2175,9633,東京テアトル（株）,スタンダード,
2176,9644,（株）タナベコンサルティンググループ,プライム,
2177,9651,日本プロセス（株）,スタンダード,
2178,9656,グリーンランドリゾート（株）,スタンダード,
2179,9663,（株）ナガワ,プライム,
2180,9672,東京都競馬（株）,プライム,
2181,9678,（株）カナモト,プライム,
2182,9682,（株）ＤＴＳ,プライム,
2183,9684,（株）スクウェア・エニックス・ホールディングス,プライム,
2184,9687,（株）ＫＳＫ,スタンダード,
2185,9692,（株）シーイーシー,プライム,
2186,9697,（株）カプコン,プライム,
2187,9699,ニシオホールディングス（株）,プライム,
2188,9702,（株）アイ・エス・ビー,プライム,
2189,9706,日本空港ビルデング（株）,プライム,
2190,9708,（株）帝国ホテル,スタンダード,
2191,9709,ＮＣＳ＆Ａ（株）,スタンダード,
2192,9713,（株）ロイヤルホテル,スタンダード,
2193,9715,トランス・コスモス（株）,プライム,
2194,9716,（株）乃村工藝社,プライム,
2195,9722,藤田観光（株）,プライム,
2196,9729,（株）トーカイ,プライム,
2197,9735,セコム（株）,プライム,
2198,9740,セントラル警備保障（株）,プライム,
2199,9742,（株）アイネス,プライム,
2200,9743,（株）丹青社,プライム,
2201,9744,（株）メイテックグループホールディングス,プライム,
2202,9746,（株）ＴＫＣ,プライム,
2203,9755,応用地質（株）,プライム,
2204,9757,（株）船井総研ホールディングス,プライム,
2205,9759,（株）ＮＳＤ,プライム,
2206,9760,（株）進学会ホールディングス,スタンダード,
2207,9763,丸建リース（株）,スタンダード,
2208,9765,（株）オオバ,プライム,
2209,9766,コナミグループ（株）,プライム,
2210,9788,（株）ナック,プライム,
2211,9790,福井コンピュータホールディングス（株）,プライム,
2212,9793,（株）ダイセキ,プライム,
2213,9795,（株）ステップ,プライム,
2214,9818,大丸エナウィン（株）,スタンダード,
2215,9824,泉州電業（株）,プライム,
2216,9828,（株）Ｇｅｎｋｉ　Ｇｌｏｂａｌ　Ｄｉｎｉｎｇ　Ｃｏｎｃｅｐｔｓ,スタンダード,
2217,9830,トラスコ中山（株）,プライム,
2218,9831,（株）ヤマダホールディングス,プライム,
2219,9832,（株）オートバックスセブン,プライム,
2220,9835,（株）ジュンテンドー,スタンダード,
2221,9837,モリト（株）,プライム,
2222,9842,アークランズ（株）,プライム,
2223,9843,（株）ニトリホールディングス,プライム,
2224,9850,（株）グルメ杵屋,プライム,
2225,9854,愛眼（株）,スタンダード,
2226,9856,（株）ケーユーホールディングス,スタンダード,
2227,9857,英和（株）,スタンダード,
2228,9861,（株）吉野家ホールディングス,プライム,
2229,9869,加藤産業（株）,プライム,
2230,9872,北恵（株）,スタンダード,
2231,9882,（株）イエローハット,プライム,
2232,9885,（株）シャルレ,スタンダード,
2233,9887,（株）松屋フーズホールディングス,プライム,
2234,9889,ＪＢＣＣホールディングス（株）,プライム,
2235,9896,ＪＫホールディングス（株）,スタンダード,
2236,9900,（株）サガミホールディングス,プライム,
2237,9902,（株）日伝,プライム,
2238,9903,（株）カンセキ,スタンダード,
2239,9913,日邦産業（株）,スタンダード,
2240,9928,（株）ミロク情報サービス,プライム,
2241,9930,北沢産業（株）,スタンダード,
2242,9932,杉本商事（株）,プライム,
2243,9934,因幡電機産業（株）,プライム,
2244,9936,（株）王将フードサービス,プライム,
2245,9946,ミニストップ（株）,プライム,
2246,9948,（株）アークス,プライム,
2247,9956,（株）バローホールディングス,プライム,
2248,9959,アシードホールディングス（株）,スタンダード,
2249,9960,東テク（株）,プライム,
2250,9962,（株）ミスミグループ本社,プライム,
2251,9969,（株）ショクブン,スタンダード,
2252,9972,アルテック（株）,スタンダード,
2253,9974,（株）ベルク,プライム,
2254,9979,（株）大庄,スタンダード,
2255,9980,ＭＲＫホールディングス（株）,スタンダード,
2256,9982,タキヒヨー（株）,スタンダード,
2257,9983,（株）ファーストリテイリング,プライム,
2258,9984,ソフトバンクグループ（株）,プライム,
2259,9987,（株）スズケン,プライム,
2260,9989,（株）サンドラッグ,プライム,
2261,9990,（株）サックスバー　ホールディングス,プライム,
2262,9991,ジェコス（株）,プライム,
2263,9994,（株）やまや,スタンダード,
2264,9996,（株）サトー商会,スタンダード,
2265,9997,（株）ベルーナ,プライム,
